[
    {
        "model": "educational_degrees.educationaldegreedetailsfiles",
        "pk": 5,
        "fields": {
            "file": "educational_degrees_files/bachelor-121-SE-2019-202x-program-description.pdf",
            "name": "Опис освітньої програми 2019-202x років(бакалавр)",
            "uploaded_at": "2024-05-24T10:24:34.084Z"
        }
    },
    {
        "model": "educational_degrees.educationaldegreedetailsfiles",
        "pk": 6,
        "fields": {
            "file": "educational_degrees_files/bachelor-121-SE-2016-2018-program-description.pdf",
            "name": "Опис освітньої програми 2016-2018 років(бакалавр)",
            "uploaded_at": "2024-05-24T10:25:29.804Z"
        }
    },
    {
        "model": "educational_degrees.educationaldegreedetailsfiles",
        "pk": 7,
        "fields": {
            "file": "educational_degrees_files/master-121-SE-2020-202x-program-description.pdf",
            "name": "Опис освітньої програми 2020-202x років(магістр)",
            "uploaded_at": "2024-05-24T10:26:12.674Z"
        }
    },
    {
        "model": "educational_degrees.educationaldegreedetailsfiles",
        "pk": 8,
        "fields": {
            "file": "educational_degrees_files/master-121-SE-2018-2019-program-description.pdf",
            "name": "Опис освітньої програми 2018-2019 років(магістр)",
            "uploaded_at": "2024-05-24T10:26:40.809Z"
        }
    },
    {
        "model": "educational_degrees.educationaldegreestudyplansfiles",
        "pk": 5,
        "fields": {
            "file": "educational_degrees_files/bachelor-121-SE-2019-202x-plan.pdf",
            "name": "Навчальний план 2019-202x років(бакалавр)",
            "uploaded_at": "2024-05-24T10:31:24.109Z"
        }
    },
    {
        "model": "educational_degrees.educationaldegreestudyplansfiles",
        "pk": 6,
        "fields": {
            "file": "educational_degrees_files/bachelor-121-SE-2016-2018-plan.pdf",
            "name": "Навчальний план 2016-2018 років(бакалавр)",
            "uploaded_at": "2024-05-24T10:31:52.466Z"
        }
    },
    {
        "model": "educational_degrees.educationaldegreestudyplansfiles",
        "pk": 7,
        "fields": {
            "file": "educational_degrees_files/master-121-SE-2020-202x-plan.pdf",
            "name": "Навчальний план 2020-202x років(магістр)",
            "uploaded_at": "2024-05-24T10:32:25.448Z"
        }
    },
    {
        "model": "educational_degrees.educationaldegreestudyplansfiles",
        "pk": 8,
        "fields": {
            "file": "educational_degrees_files/master-121-SE-2018-2019-plan.pdf",
            "name": "Навчальний план 2018-2019 років(магістр)",
            "uploaded_at": "2024-05-24T10:32:50.090Z"
        }
    },
    {
        "model": "educational_degrees.subjectblock",
        "pk": 1,
        "fields": {
            "name": "ОД",
            "full_name": "блок обов'язкових дисциплін"
        }
    },
    {
        "model": "educational_degrees.subjectblock",
        "pk": 2,
        "fields": {
            "name": "ІС",
            "full_name": "блок вибору \"Інтелектуальні системи\""
        }
    },
    {
        "model": "educational_degrees.subjectblock",
        "pk": 3,
        "fields": {
            "name": "ПІ",
            "full_name": "блок вибору \"Програмна інженерія\""
        }
    },
    {
        "model": "educational_degrees.subjectblock",
        "pk": 4,
        "fields": {
            "name": "ВП1",
            "full_name": "вибірковий перелік №1"
        }
    },
    {
        "model": "educational_degrees.subjectblock",
        "pk": 5,
        "fields": {
            "name": "ВП2",
            "full_name": "вибірковий перелік №2"
        }
    },
    {
        "model": "educational_degrees.subjectblock",
        "pk": 6,
        "fields": {
            "name": "ВП3",
            "full_name": "вибірковий перелік №3"
        }
    },
    {
        "model": "educational_degrees.subjectblock",
        "pk": 7,
        "fields": {
            "name": "ІПС",
            "full_name": "блок вибору \"Інтелектуальні програмні системи\""
        }
    },
    {
        "model": "educational_degrees.subjectblock",
        "pk": 8,
        "fields": {
            "name": "ПЗС",
            "full_name": "блок вибору \"Програмне забезпечення систем\""
        }
    },
    {
        "model": "educational_degrees.subject",
        "pk": 1,
        "fields": {
            "name": "Алгебра та геометрія",
            "block": 1,
            "semester": 1
        }
    },
    {
        "model": "educational_degrees.subject",
        "pk": 2,
        "fields": {
            "name": "Вступ до університетських студій",
            "block": 1,
            "semester": 1
        }
    },
    {
        "model": "educational_degrees.subject",
        "pk": 3,
        "fields": {
            "name": "Дискретна математика",
            "block": 1,
            "semester": 1
        }
    },
    {
        "model": "educational_degrees.subject",
        "pk": 4,
        "fields": {
            "name": "Іноземна мова",
            "block": 1,
            "semester": 1
        }
    },
    {
        "model": "educational_degrees.subject",
        "pk": 5,
        "fields": {
            "name": "Математичний аналіз",
            "block": 1,
            "semester": 1
        }
    },
    {
        "model": "educational_degrees.subject",
        "pk": 6,
        "fields": {
            "name": "Основи програмування",
            "block": 1,
            "semester": 1
        }
    },
    {
        "model": "educational_degrees.subject",
        "pk": 7,
        "fields": {
            "name": "Фізичні основи комп'ютерної електроніки",
            "block": 1,
            "semester": 1
        }
    },
    {
        "model": "educational_degrees.subject",
        "pk": 8,
        "fields": {
            "name": "Алгебра та геометрія",
            "block": 1,
            "semester": 2
        }
    },
    {
        "model": "educational_degrees.subject",
        "pk": 9,
        "fields": {
            "name": "Дискретна математика",
            "block": 1,
            "semester": 2
        }
    },
    {
        "model": "educational_degrees.subject",
        "pk": 10,
        "fields": {
            "name": "Іноземна мова",
            "block": 1,
            "semester": 2
        }
    },
    {
        "model": "educational_degrees.subject",
        "pk": 11,
        "fields": {
            "name": "Математичний аналіз",
            "block": 1,
            "semester": 2
        }
    },
    {
        "model": "educational_degrees.subject",
        "pk": 12,
        "fields": {
            "name": "Програмування",
            "block": 1,
            "semester": 2
        }
    },
    {
        "model": "educational_degrees.subject",
        "pk": 13,
        "fields": {
            "name": "Фізичні основи комп'ютерної електроніки",
            "block": 1,
            "semester": 2
        }
    },
    {
        "model": "educational_degrees.subject",
        "pk": 14,
        "fields": {
            "name": "Алгоритми та складність",
            "block": 1,
            "semester": 3
        }
    },
    {
        "model": "educational_degrees.subject",
        "pk": 15,
        "fields": {
            "name": "Загальна алгебра",
            "block": 1,
            "semester": 3
        }
    },
    {
        "model": "educational_degrees.subject",
        "pk": 16,
        "fields": {
            "name": "Організація баз даних та знань",
            "block": 1,
            "semester": 3
        }
    },
    {
        "model": "educational_degrees.subject",
        "pk": 17,
        "fields": {
            "name": "Основи об'єктно-орієнтованого програмування",
            "block": 1,
            "semester": 3
        }
    },
    {
        "model": "educational_degrees.subject",
        "pk": 18,
        "fields": {
            "name": "Теорія алгоритмів та математична логіка",
            "block": 1,
            "semester": 3
        }
    },
    {
        "model": "educational_degrees.subject",
        "pk": 19,
        "fields": {
            "name": "Теорія ймовірностей, імовірнісні процеси і математична статистика",
            "block": 1,
            "semester": 3
        }
    },
    {
        "model": "educational_degrees.subject",
        "pk": 20,
        "fields": {
            "name": "Управління динамічними системами",
            "block": 1,
            "semester": 3
        }
    },
    {
        "model": "educational_degrees.subject",
        "pk": 21,
        "fields": {
            "name": "Алгоритми та складність",
            "block": 1,
            "semester": 4
        }
    },
    {
        "model": "educational_degrees.subject",
        "pk": 22,
        "fields": {
            "name": "Аналіз даних",
            "block": 1,
            "semester": 4
        }
    },
    {
        "model": "educational_degrees.subject",
        "pk": 23,
        "fields": {
            "name": "Дослідження операцій",
            "block": 1,
            "semester": 4
        }
    },
    {
        "model": "educational_degrees.subject",
        "pk": 24,
        "fields": {
            "name": "Основи об'єктно-орієнтованого програмування",
            "block": 1,
            "semester": 4
        }
    },
    {
        "model": "educational_degrees.subject",
        "pk": 25,
        "fields": {
            "name": "Розробка WEB-орієнтованих систем",
            "block": 1,
            "semester": 4
        }
    },
    {
        "model": "educational_degrees.subject",
        "pk": 26,
        "fields": {
            "name": "Теорія алгоритмів та математична логіка",
            "block": 1,
            "semester": 4
        }
    },
    {
        "model": "educational_degrees.subject",
        "pk": 27,
        "fields": {
            "name": "Українська та зарубіжна культура",
            "block": 1,
            "semester": 4
        }
    },
    {
        "model": "educational_degrees.subject",
        "pk": 28,
        "fields": {
            "name": "Математичні основи захисту інформації",
            "block": 2,
            "semester": 5
        }
    },
    {
        "model": "educational_degrees.subject",
        "pk": 29,
        "fields": {
            "name": "Розподілені обчислення",
            "block": 3,
            "semester": 5
        }
    },
    {
        "model": "educational_degrees.subject",
        "pk": 30,
        "fields": {
            "name": "Моделювання систем",
            "block": 1,
            "semester": 5
        }
    },
    {
        "model": "educational_degrees.subject",
        "pk": 31,
        "fields": {
            "name": "Науковий образ світу",
            "block": 1,
            "semester": 5
        }
    },
    {
        "model": "educational_degrees.subject",
        "pk": 32,
        "fields": {
            "name": "Нейронні мережі",
            "block": 2,
            "semester": 5
        }
    },
    {
        "model": "educational_degrees.subject",
        "pk": 34,
        "fields": {
            "name": "Програмування мовою Ruby",
            "block": 3,
            "semester": 5
        }
    },
    {
        "model": "educational_degrees.subject",
        "pk": 35,
        "fields": {
            "name": "Об'єктно-орієнтоване програмування",
            "block": 1,
            "semester": 5
        }
    },
    {
        "model": "educational_degrees.subject",
        "pk": 36,
        "fields": {
            "name": "Операційні системи",
            "block": 1,
            "semester": 5
        }
    },
    {
        "model": "educational_degrees.subject",
        "pk": 37,
        "fields": {
            "name": "Філософія",
            "block": 1,
            "semester": 5
        }
    },
    {
        "model": "educational_degrees.subject",
        "pk": 38,
        "fields": {
            "name": "Чисельні методи в інформатиці",
            "block": 1,
            "semester": 5
        }
    },
    {
        "model": "educational_degrees.subject",
        "pk": 39,
        "fields": {
            "name": "Виробнича практика \"Сучасні інформаційні системи та технології\"",
            "block": 1,
            "semester": 6
        }
    },
    {
        "model": "educational_degrees.subject",
        "pk": 40,
        "fields": {
            "name": "Екологічні та економічні процеси та їх моделювання",
            "block": 1,
            "semester": 6
        }
    },
    {
        "model": "educational_degrees.subject",
        "pk": 41,
        "fields": {
            "name": "Курсова робота",
            "block": 2,
            "semester": 6
        }
    },
    {
        "model": "educational_degrees.subject",
        "pk": 42,
        "fields": {
            "name": "Курсова робота",
            "block": 3,
            "semester": 6
        }
    },
    {
        "model": "educational_degrees.subject",
        "pk": 43,
        "fields": {
            "name": "Об'єктно-орієнтоване програмування",
            "block": 1,
            "semester": 6
        }
    },
    {
        "model": "educational_degrees.subject",
        "pk": 44,
        "fields": {
            "name": "Основи побудови компіляторів",
            "block": 1,
            "semester": 6
        }
    },
    {
        "model": "educational_degrees.subject",
        "pk": 45,
        "fields": {
            "name": "Програмування мовою Python",
            "block": 2,
            "semester": 6
        }
    },
    {
        "model": "educational_degrees.subject",
        "pk": 46,
        "fields": {
            "name": "Основи криптології",
            "block": 3,
            "semester": 6
        }
    },
    {
        "model": "educational_degrees.subject",
        "pk": 47,
        "fields": {
            "name": "Соціально-політичні студії",
            "block": 1,
            "semester": 6
        }
    },
    {
        "model": "educational_degrees.subject",
        "pk": 48,
        "fields": {
            "name": "Структурна теорія цифрових автоматів",
            "block": 2,
            "semester": 6
        }
    },
    {
        "model": "educational_degrees.subject",
        "pk": 49,
        "fields": {
            "name": "Обчислювальна геометрія та комп'ютерна графіка",
            "block": 3,
            "semester": 6
        }
    },
    {
        "model": "educational_degrees.subject",
        "pk": 50,
        "fields": {
            "name": "Іноземна мова",
            "block": 1,
            "semester": 7
        }
    },
    {
        "model": "educational_degrees.subject",
        "pk": 51,
        "fields": {
            "name": "Інформаційні системи",
            "block": 1,
            "semester": 7
        }
    },
    {
        "model": "educational_degrees.subject",
        "pk": 52,
        "fields": {
            "name": "3 \tМатематичні основи обчислювальної геометрії",
            "block": 4,
            "semester": 7
        }
    },
    {
        "model": "educational_degrees.subject",
        "pk": 53,
        "fields": {
            "name": "3D графіка",
            "block": 4,
            "semester": 7
        }
    },
    {
        "model": "educational_degrees.subject",
        "pk": 54,
        "fields": {
            "name": "Операційні пристрої та методи їх синтезу",
            "block": 2,
            "semester": 7
        }
    },
    {
        "model": "educational_degrees.subject",
        "pk": 55,
        "fields": {
            "name": "Груповий проект з технологій програмування",
            "block": 3,
            "semester": 7
        }
    },
    {
        "model": "educational_degrees.subject",
        "pk": 56,
        "fields": {
            "name": "Програмна інженерія",
            "block": 1,
            "semester": 7
        }
    },
    {
        "model": "educational_degrees.subject",
        "pk": 57,
        "fields": {
            "name": "Системи штучного інтелекту",
            "block": 2,
            "semester": 7
        }
    },
    {
        "model": "educational_degrees.subject",
        "pk": 58,
        "fields": {
            "name": "Функціональне програмування",
            "block": 3,
            "semester": 7
        }
    },
    {
        "model": "educational_degrees.subject",
        "pk": 59,
        "fields": {
            "name": "Розробка мультимедійних систем",
            "block": 5,
            "semester": 7
        }
    },
    {
        "model": "educational_degrees.subject",
        "pk": 60,
        "fields": {
            "name": "Видавничі системи",
            "block": 5,
            "semester": 7
        }
    },
    {
        "model": "educational_degrees.subject",
        "pk": 61,
        "fields": {
            "name": "Вибрані розділи трудового права і основ підприємницької діяльності",
            "block": 1,
            "semester": 8
        }
    },
    {
        "model": "educational_degrees.subject",
        "pk": 62,
        "fields": {
            "name": "Інтелектуальні системи на основі знань",
            "block": 2,
            "semester": 8
        }
    },
    {
        "model": "educational_degrees.subject",
        "pk": 63,
        "fields": {
            "name": "Тестування програмного забезпечення",
            "block": 3,
            "semester": 8
        }
    },
    {
        "model": "educational_degrees.subject",
        "pk": 64,
        "fields": {
            "name": "Експертні системи",
            "block": 2,
            "semester": 8
        }
    },
    {
        "model": "educational_degrees.subject",
        "pk": 65,
        "fields": {
            "name": "Комп'ютерні мережі",
            "block": 3,
            "semester": 8
        }
    },
    {
        "model": "educational_degrees.subject",
        "pk": 66,
        "fields": {
            "name": "Метапрограмування",
            "block": 2,
            "semester": 8
        }
    },
    {
        "model": "educational_degrees.subject",
        "pk": 67,
        "fields": {
            "name": "Моделі інтелектуальних систем",
            "block": 3,
            "semester": 8
        }
    },
    {
        "model": "educational_degrees.subject",
        "pk": 68,
        "fields": {
            "name": "Обробка зображень",
            "block": 2,
            "semester": 8
        }
    },
    {
        "model": "educational_degrees.subject",
        "pk": 69,
        "fields": {
            "name": "Економіка програмної інженерії",
            "block": 3,
            "semester": 8
        }
    },
    {
        "model": "educational_degrees.subject",
        "pk": 70,
        "fields": {
            "name": "Підготовка випускної кваліфікаційної роботи бакалавра",
            "block": 1,
            "semester": 8
        }
    },
    {
        "model": "educational_degrees.subject",
        "pk": 71,
        "fields": {
            "name": "Програмування з обмеженнями",
            "block": 6,
            "semester": 8
        }
    },
    {
        "model": "educational_degrees.subject",
        "pk": 72,
        "fields": {
            "name": "Комп'ютерна алгебра",
            "block": 6,
            "semester": 8
        }
    },
    {
        "model": "educational_degrees.subject",
        "pk": 73,
        "fields": {
            "name": "Українська та зарубіжна культура",
            "block": 1,
            "semester": 3
        }
    },
    {
        "model": "educational_degrees.subject",
        "pk": 74,
        "fields": {
            "name": "Соціально-політичні студії",
            "block": 1,
            "semester": 3
        }
    },
    {
        "model": "educational_degrees.subject",
        "pk": 75,
        "fields": {
            "name": "Екологічні та економічні процеси та їх моделювання",
            "block": 1,
            "semester": 4
        }
    },
    {
        "model": "educational_degrees.subject",
        "pk": 76,
        "fields": {
            "name": "Загальна алгебра",
            "block": 1,
            "semester": 4
        }
    },
    {
        "model": "educational_degrees.subject",
        "pk": 77,
        "fields": {
            "name": "Науковий образ світу",
            "block": 1,
            "semester": 4
        }
    },
    {
        "model": "educational_degrees.subject",
        "pk": 78,
        "fields": {
            "name": "Дослідження операцій",
            "block": 1,
            "semester": 5
        }
    },
    {
        "model": "educational_degrees.subject",
        "pk": 79,
        "fields": {
            "name": "Організація баз даних та знань",
            "block": 1,
            "semester": 5
        }
    },
    {
        "model": "educational_degrees.subject",
        "pk": 80,
        "fields": {
            "name": "Структурна теорія цифрових автоматів",
            "block": 1,
            "semester": 5
        }
    },
    {
        "model": "educational_degrees.subject",
        "pk": 81,
        "fields": {
            "name": "Філософія",
            "block": 1,
            "semester": 5
        }
    },
    {
        "model": "educational_degrees.subject",
        "pk": 82,
        "fields": {
            "name": "Кластерні розрахунки",
            "block": 1,
            "semester": 1
        }
    },
    {
        "model": "educational_degrees.subject",
        "pk": 83,
        "fields": {
            "name": "Методи забезпечення якості програмних систем",
            "block": 1,
            "semester": 1
        }
    },
    {
        "model": "educational_degrees.subject",
        "pk": 84,
        "fields": {
            "name": "Методологія та організація наукових досліджень з основами інтелектуальної власності",
            "block": 1,
            "semester": 1
        }
    },
    {
        "model": "educational_degrees.subject",
        "pk": 85,
        "fields": {
            "name": "Нечіткі логіки",
            "block": 1,
            "semester": 1
        }
    },
    {
        "model": "educational_degrees.subject",
        "pk": 86,
        "fields": {
            "name": "Педагогіка та психологія вищої школи",
            "block": 1,
            "semester": 1
        }
    },
    {
        "model": "educational_degrees.subject",
        "pk": 87,
        "fields": {
            "name": "Прикладне застосування нейронних мереж",
            "block": 1,
            "semester": 1
        }
    },
    {
        "model": "educational_degrees.subject",
        "pk": 88,
        "fields": {
            "name": "Розробка та використання інформаційних мереж",
            "block": 1,
            "semester": 1
        }
    },
    {
        "model": "educational_degrees.subject",
        "pk": 89,
        "fields": {
            "name": "Теоретичні основи та методи розробки інформаційних систем",
            "block": 1,
            "semester": 1
        }
    },
    {
        "model": "educational_degrees.subject",
        "pk": 90,
        "fields": {
            "name": "Алгебро-автоматні методи проектування програмного забезпечення",
            "block": 1,
            "semester": 2
        }
    },
    {
        "model": "educational_degrees.subject",
        "pk": 91,
        "fields": {
            "name": "Елементи категорного аналізу",
            "block": 1,
            "semester": 2
        }
    },
    {
        "model": "educational_degrees.subject",
        "pk": 92,
        "fields": {
            "name": "Курсова робота",
            "block": 1,
            "semester": 2
        }
    },
    {
        "model": "educational_degrees.subject",
        "pk": 93,
        "fields": {
            "name": "Методика викладання математики та інформатики у вищій школі",
            "block": 1,
            "semester": 2
        }
    },
    {
        "model": "educational_degrees.subject",
        "pk": 94,
        "fields": {
            "name": "Програмно-орієнтовані логіки",
            "block": 1,
            "semester": 2
        }
    },
    {
        "model": "educational_degrees.subject",
        "pk": 95,
        "fields": {
            "name": "Професійна та корпоративна етика",
            "block": 1,
            "semester": 2
        }
    },
    {
        "model": "educational_degrees.subject",
        "pk": 96,
        "fields": {
            "name": "Типи в мовах програмування",
            "block": 1,
            "semester": 2
        }
    },
    {
        "model": "educational_degrees.subject",
        "pk": 97,
        "fields": {
            "name": "Трансформаційні методи синтезу обчислювальних систем",
            "block": 1,
            "semester": 2
        }
    },
    {
        "model": "educational_degrees.subject",
        "pk": 98,
        "fields": {
            "name": "Управління програмними проектами",
            "block": 1,
            "semester": 2
        }
    },
    {
        "model": "educational_degrees.subject",
        "pk": 99,
        "fields": {
            "name": "Мультиагентні системи",
            "block": 7,
            "semester": 3
        }
    },
    {
        "model": "educational_degrees.subject",
        "pk": 100,
        "fields": {
            "name": "Актуальні питання біоінформатики",
            "block": 8,
            "semester": 3
        }
    },
    {
        "model": "educational_degrees.subject",
        "pk": 101,
        "fields": {
            "name": "Актуальні проблеми об'єктно-орієнтованого програмування",
            "block": 1,
            "semester": 3
        }
    },
    {
        "model": "educational_degrees.subject",
        "pk": 102,
        "fields": {
            "name": "Системи машинного навчання",
            "block": 7,
            "semester": 3
        }
    },
    {
        "model": "educational_degrees.subject",
        "pk": 103,
        "fields": {
            "name": "Засоби побудови систем електронного навчання",
            "block": 8,
            "semester": 3
        }
    },
    {
        "model": "educational_degrees.subject",
        "pk": 104,
        "fields": {
            "name": "Методи тестування та оцінки надійності програмних систем",
            "block": 4,
            "semester": 3
        }
    },
    {
        "model": "educational_degrees.subject",
        "pk": 105,
        "fields": {
            "name": "Оптимізаційні методи в задачах управління програмними проектами",
            "block": 4,
            "semester": 3
        }
    },
    {
        "model": "educational_degrees.subject",
        "pk": 106,
        "fields": {
            "name": "Рекомендаційні системи",
            "block": 7,
            "semester": 3
        }
    },
    {
        "model": "educational_degrees.subject",
        "pk": 107,
        "fields": {
            "name": "Некласичні логіки та їх застосування в розробці програмного забезпечення",
            "block": 8,
            "semester": 3
        }
    },
    {
        "model": "educational_degrees.subject",
        "pk": 108,
        "fields": {
            "name": "Системи на основі знань",
            "block": 7,
            "semester": 3
        }
    },
    {
        "model": "educational_degrees.subject",
        "pk": 109,
        "fields": {
            "name": "Прикладні логіки та елементи квантових обчислень",
            "block": 8,
            "semester": 3
        }
    },
    {
        "model": "educational_degrees.subject",
        "pk": 110,
        "fields": {
            "name": "Системи обробки природньої мови",
            "block": 7,
            "semester": 3
        }
    },
    {
        "model": "educational_degrees.subject",
        "pk": 111,
        "fields": {
            "name": "Проектування мультиагентних систем",
            "block": 8,
            "semester": 3
        }
    },
    {
        "model": "educational_degrees.subject",
        "pk": 112,
        "fields": {
            "name": "Сучасні операційні системи",
            "block": 1,
            "semester": 3
        }
    },
    {
        "model": "educational_degrees.subject",
        "pk": 113,
        "fields": {
            "name": "Пошуково-аналітичні системи",
            "block": 7,
            "semester": 4
        }
    },
    {
        "model": "educational_degrees.subject",
        "pk": 114,
        "fields": {
            "name": "Актуальні проблеми захисту інформації",
            "block": 8,
            "semester": 4
        }
    },
    {
        "model": "educational_degrees.subject",
        "pk": 115,
        "fields": {
            "name": "Асистентська практика",
            "block": 1,
            "semester": 4
        }
    },
    {
        "model": "educational_degrees.subject",
        "pk": 116,
        "fields": {
            "name": "Безпека та анонімність в Інтернеті",
            "block": 5,
            "semester": 4
        }
    },
    {
        "model": "educational_degrees.subject",
        "pk": 117,
        "fields": {
            "name": "Імітаційні методи моделювання інформаційних потоків у комп'ютерних мережах",
            "block": 5,
            "semester": 4
        }
    },
    {
        "model": "educational_degrees.subject",
        "pk": 118,
        "fields": {
            "name": "Виробнича практика \"Розробка програмно-інформаційних систем\"",
            "block": 1,
            "semester": 4
        }
    },
    {
        "model": "educational_degrees.subject",
        "pk": 119,
        "fields": {
            "name": "Моделе-орієнтована побудова програмних систем",
            "block": 1,
            "semester": 4
        }
    },
    {
        "model": "educational_degrees.subject",
        "pk": 120,
        "fields": {
            "name": "Підготовка випускної кваліфікаційної роботи",
            "block": 1,
            "semester": 4
        }
    },
    {
        "model": "educational_degrees.educationaldegreedisciplineprograms",
        "pk": 1,
        "fields": {
            "year": "2019-202x",
            "slug": "2019-202x-dlia-vstupnikiv",
            "degree_name": "Для вступників",
            "uploaded_at": "2024-05-24T13:41:53.743Z",
            "subjects": [
                1,
                2,
                3,
                4,
                5,
                6,
                7
            ]
        }
    },
    {
        "model": "educational_degrees.educationaldegreedisciplineprograms",
        "pk": 2,
        "fields": {
            "year": "2016-2018",
            "slug": "2016-2018-dlia-vstupnikiv",
            "degree_name": "Для вступників",
            "uploaded_at": "2024-05-24T15:48:06.990Z",
            "subjects": [
                14,
                15,
                17,
                18,
                19,
                20,
                21,
                22,
                24,
                25,
                26,
                30,
                35,
                36,
                37,
                38,
                73,
                74,
                75,
                76,
                77,
                78,
                79,
                80,
                81
            ]
        }
    },
    {
        "model": "educational_degrees.educationaldegreedisciplineprograms",
        "pk": 3,
        "fields": {
            "year": "2020-202x",
            "slug": "2020-202x-dlia-vstupnikiv",
            "degree_name": "Для вступників",
            "uploaded_at": "2024-05-28T15:02:30.404Z",
            "subjects": [
                82,
                83,
                84,
                85,
                86,
                87,
                88,
                89,
                90,
                91,
                92,
                93,
                94,
                95,
                96,
                97,
                98,
                99,
                100,
                101,
                102,
                103,
                104,
                105,
                106,
                107,
                108,
                109,
                110,
                111,
                112,
                113,
                114,
                115,
                116,
                117,
                118,
                119,
                120
            ]
        }
    },
    {
        "model": "educational_degrees.educationaldegreedisciplineprograms",
        "pk": 4,
        "fields": {
            "year": "2018-2019",
            "slug": "2018-2019-dlia-vstupnikiv",
            "degree_name": "Для вступників",
            "uploaded_at": "2024-05-28T15:07:32.205Z",
            "subjects": [
                82,
                83,
                84,
                85,
                86,
                87,
                88,
                89,
                90,
                91,
                92,
                93,
                94,
                95,
                96,
                97,
                98,
                100,
                101,
                103,
                104,
                105,
                107,
                109,
                111,
                112,
                114,
                115,
                116,
                117,
                118,
                119,
                120
            ]
        }
    },
    {
        "model": "educational_degrees.qualificationwork",
        "pk": 1,
        "fields": {
            "full_name": "Бухало Михайло Олександрович",
            "topic_of_work": "Web-сервіс для моніторингу кіберспортивних матчів в режимі реального часу",
            "scientific_supervisor": 9
        }
    },
    {
        "model": "educational_degrees.qualificationwork",
        "pk": 2,
        "fields": {
            "full_name": "Величко Таїсія Сергіївна",
            "topic_of_work": "Розробка програмного забезпечення для автоматичного створення телеграм-ботів для інформаційної підтримки навчального процесу",
            "scientific_supervisor": 7
        }
    },
    {
        "model": "educational_degrees.qualificationwork",
        "pk": 3,
        "fields": {
            "full_name": "Ільвовський Віктор Григорович",
            "topic_of_work": "Розробка системи для відстеження активності користувачів веб-сайтів",
            "scientific_supervisor": 7
        }
    },
    {
        "model": "educational_degrees.qualificationwork",
        "pk": 4,
        "fields": {
            "full_name": "Карпишин Ольга Богданівна",
            "topic_of_work": "3D графіка та анімація у прикладному застосуванні (мультимедійні додатки, мобільні додатки, тощо)",
            "scientific_supervisor": 9
        }
    },
    {
        "model": "educational_degrees.qualificationwork",
        "pk": 5,
        "fields": {
            "full_name": "Кацубо Станіслав Андрійович",
            "topic_of_work": "",
            "scientific_supervisor": null
        }
    },
    {
        "model": "educational_degrees.qualificationwork",
        "pk": 6,
        "fields": {
            "full_name": "Копанічук Богдан Дмитрович",
            "topic_of_work": "Розробка web-систем",
            "scientific_supervisor": 9
        }
    },
    {
        "model": "educational_degrees.qualificationwork",
        "pk": 7,
        "fields": {
            "full_name": "Кравчук Павло Сергійович",
            "topic_of_work": "Розробка серверної частини веб-сервісу розкладу занять з використанням бібіліотеки aiohttp",
            "scientific_supervisor": 7
        }
    },
    {
        "model": "educational_degrees.qualificationwork",
        "pk": 8,
        "fields": {
            "full_name": "Кушніренко Марія Сергіївна",
            "topic_of_work": "Автоматизація тестування веб-застосунків",
            "scientific_supervisor": 14
        }
    },
    {
        "model": "educational_degrees.qualificationwork",
        "pk": 9,
        "fields": {
            "full_name": "Мисечко Артемій Вікторович",
            "topic_of_work": "Застосування методів машинного навчання в грі Hearthstone режиму Battlegrounds",
            "scientific_supervisor": 18
        }
    },
    {
        "model": "educational_degrees.qualificationwork",
        "pk": 10,
        "fields": {
            "full_name": "Мосьпан Олег Олександрович",
            "topic_of_work": "Розробка веб-сервісу з використанням бібліотеки Angular",
            "scientific_supervisor": 9
        }
    },
    {
        "model": "educational_degrees.qualificationwork",
        "pk": 11,
        "fields": {
            "full_name": "Олійник Микита Павлович",
            "topic_of_work": "Генеративні нейронні мережі",
            "scientific_supervisor": 15
        }
    },
    {
        "model": "educational_degrees.qualificationwork",
        "pk": 12,
        "fields": {
            "full_name": "Точаненко Владислав Володимирович",
            "topic_of_work": "Розробка інтерфейсу користувача адміністративного модуля сервісу розкладу занять студентів з використанням бібліотеки Angular",
            "scientific_supervisor": 7
        }
    },
    {
        "model": "educational_degrees.qualificationwork",
        "pk": 13,
        "fields": {
            "full_name": "Філоненко Богдан Русланович",
            "topic_of_work": "Розробка відеогри у жанрі roguelite 2D shooter з застосуванням системи адаптації ігрового світу до дій гравця",
            "scientific_supervisor": 18
        }
    },
    {
        "model": "educational_degrees.qualificationwork",
        "pk": 14,
        "fields": {
            "full_name": "Ходирева Анна Михайлівна",
            "topic_of_work": "Обробка природної мови з використанням технологій глибинного навчання",
            "scientific_supervisor": 15
        }
    },
    {
        "model": "educational_degrees.qualificationwork",
        "pk": 15,
        "fields": {
            "full_name": "Шараєв Тимофій Сергійович",
            "topic_of_work": "Розробка інтерактивного компілятора алгоритмічної імперативної мови",
            "scientific_supervisor": 12
        }
    },
    {
        "model": "educational_degrees.qualificationwork",
        "pk": 16,
        "fields": {
            "full_name": "Шатохін Максим Сергійович",
            "topic_of_work": "Розробка ігрового рушія з фізичною симуляцією часток",
            "scientific_supervisor": 15
        }
    },
    {
        "model": "educational_degrees.qualificationwork",
        "pk": 17,
        "fields": {
            "full_name": "Шваб Дмитро Вікторович",
            "topic_of_work": "Розробка адаптивного пошукового сервісу музичних композицій на базі платформи Telegram",
            "scientific_supervisor": 5
        }
    },
    {
        "model": "educational_degrees.qualificationwork",
        "pk": 18,
        "fields": {
            "full_name": "Ярема Сергій Олександрович",
            "topic_of_work": "Розробка ігрових програм",
            "scientific_supervisor": 15
        }
    },
    {
        "model": "educational_degrees.qualificationwork",
        "pk": 19,
        "fields": {
            "full_name": "Ярошенко Валерія Вадимівна",
            "topic_of_work": "",
            "scientific_supervisor": null
        }
    },
    {
        "model": "educational_degrees.qualificationwork",
        "pk": 20,
        "fields": {
            "full_name": "Благий Андрій Ігорович",
            "topic_of_work": "Експериментальний аналіз складності алгоритмів",
            "scientific_supervisor": 14
        }
    },
    {
        "model": "educational_degrees.qualificationwork",
        "pk": 21,
        "fields": {
            "full_name": "Бондар Максим Олександрович",
            "topic_of_work": "",
            "scientific_supervisor": null
        }
    },
    {
        "model": "educational_degrees.qualificationwork",
        "pk": 22,
        "fields": {
            "full_name": "Гайдай Ярослав Олександрович",
            "topic_of_work": "Скрапінг, агрегація, аналіз та подання інформації з сайтів букмекерів через веб-сайт та телеграм-бота",
            "scientific_supervisor": 18
        }
    },
    {
        "model": "educational_degrees.qualificationwork",
        "pk": 23,
        "fields": {
            "full_name": "Геворгян Артем Арсенович",
            "topic_of_work": "Побудова інструментального засобу для програмування, здатного сприймати звукові сигнали від користувача",
            "scientific_supervisor": 18
        }
    },
    {
        "model": "educational_degrees.qualificationwork",
        "pk": 24,
        "fields": {
            "full_name": "Голодов Георгій Юрійович",
            "topic_of_work": "Програма тучного інтелекту розпізнавання жестів та об’єктів на фото",
            "scientific_supervisor": 13
        }
    },
    {
        "model": "educational_degrees.qualificationwork",
        "pk": 25,
        "fields": {
            "full_name": "Гончарук Ангеліна Віталіївна",
            "topic_of_work": "Застосування штучних нейронних мереж для розв’язання прикладних задач",
            "scientific_supervisor": 9
        }
    },
    {
        "model": "educational_degrees.qualificationwork",
        "pk": 26,
        "fields": {
            "full_name": "Гофман Роман Андрійович",
            "topic_of_work": "Генерація нескінченного трьохмірного ландшафту для ігрових програм",
            "scientific_supervisor": 5
        }
    },
    {
        "model": "educational_degrees.qualificationwork",
        "pk": 27,
        "fields": {
            "full_name": "Гринь Аліна Вікторівна",
            "topic_of_work": "",
            "scientific_supervisor": null
        }
    },
    {
        "model": "educational_degrees.qualificationwork",
        "pk": 28,
        "fields": {
            "full_name": "Дзундза Станіслав Васильович",
            "topic_of_work": "Статичний аналіз програмного коду, пошук помилок, видобування інформації з коду, побудова моделей на основі коду",
            "scientific_supervisor": 18
        }
    },
    {
        "model": "educational_degrees.qualificationwork",
        "pk": 29,
        "fields": {
            "full_name": "Добринська Анастасія Олександрівна",
            "topic_of_work": "Розробка сервісу для публічних голосувань та збір результатів і обробка статистики",
            "scientific_supervisor": 9
        }
    },
    {
        "model": "educational_degrees.qualificationwork",
        "pk": 30,
        "fields": {
            "full_name": "Кметь Олександра Олегівна",
            "topic_of_work": "Розробка web-сервісу для дистанційного навчання та перевірки знань",
            "scientific_supervisor": 9
        }
    },
    {
        "model": "educational_degrees.qualificationwork",
        "pk": 31,
        "fields": {
            "full_name": "Кухта Марина Сергіївна",
            "topic_of_work": "",
            "scientific_supervisor": null
        }
    },
    {
        "model": "educational_degrees.qualificationwork",
        "pk": 32,
        "fields": {
            "full_name": "Ліпський Даниїл Олександрович",
            "topic_of_work": "Створення веб-сервісу для ведення обліку та систематизації ІТ обладнання в закладах вищої освіти",
            "scientific_supervisor": 13
        }
    },
    {
        "model": "educational_degrees.qualificationwork",
        "pk": 33,
        "fields": {
            "full_name": "Маханько Ростислав Геннадійович",
            "topic_of_work": "Створення програмного забезпечення для мобільних платформ",
            "scientific_supervisor": 8
        }
    },
    {
        "model": "educational_degrees.qualificationwork",
        "pk": 34,
        "fields": {
            "full_name": "Нортман Юлія Олександрівна",
            "topic_of_work": "Розробка бібліотеки для шаблону проектування “Database per tenant",
            "scientific_supervisor": 6
        }
    },
    {
        "model": "educational_degrees.qualificationwork",
        "pk": 35,
        "fields": {
            "full_name": "Печкуров Віталій Михайлович",
            "topic_of_work": "",
            "scientific_supervisor": null
        }
    },
    {
        "model": "educational_degrees.qualificationwork",
        "pk": 36,
        "fields": {
            "full_name": "Пилипець Гліб Володимирович",
            "topic_of_work": "Порівняння ефективності стратегій популярних ботів для трейдингу криптовалют, написання власного та перевірка вибраних стратегій на метриках та на практиці в лайв сесіях",
            "scientific_supervisor": 18
        }
    },
    {
        "model": "educational_degrees.qualificationwork",
        "pk": 37,
        "fields": {
            "full_name": "Подважук Олександр Іванович",
            "topic_of_work": "Розробка та дослідження спеціалізованої інформаційної системи",
            "scientific_supervisor": 8
        }
    },
    {
        "model": "educational_degrees.qualificationwork",
        "pk": 38,
        "fields": {
            "full_name": "Поліщук Єгор Данилович",
            "topic_of_work": "Розробка інформаційної системи для пошуку інформації про фільми",
            "scientific_supervisor": 8
        }
    },
    {
        "model": "educational_degrees.qualificationwork",
        "pk": 39,
        "fields": {
            "full_name": "Сизько Микола Федорович",
            "topic_of_work": "",
            "scientific_supervisor": null
        }
    },
    {
        "model": "educational_degrees.qualificationwork",
        "pk": 40,
        "fields": {
            "full_name": "Хомич Богдан Сергійович",
            "topic_of_work": "Розробка багатофункціональної ERP з мікросервісами Django для оптимізації процесів та автоматизації документообігу яхтингової компанії",
            "scientific_supervisor": 5
        }
    },
    {
        "model": "educational_degrees.qualificationwork",
        "pk": 41,
        "fields": {
            "full_name": "Чудінова Майя Владиславівна",
            "topic_of_work": "Розробка корпоративного веб-сервісу для аналізу та автоматизації процесу замовлення їжі",
            "scientific_supervisor": 7
        }
    },
    {
        "model": "educational_degrees.qualificationwork",
        "pk": 42,
        "fields": {
            "full_name": "Шестерняк Денис Миколайович",
            "topic_of_work": "",
            "scientific_supervisor": null
        }
    },
    {
        "model": "educational_degrees.qualificationwork",
        "pk": 43,
        "fields": {
            "full_name": "Андрющенко Олексій Андрійович",
            "topic_of_work": "Побудова алгоритму машинного навчання для розпізнавання рукописного тексту",
            "scientific_supervisor": 15
        }
    },
    {
        "model": "educational_degrees.qualificationwork",
        "pk": 44,
        "fields": {
            "full_name": "Артюхов Яків Якович",
            "topic_of_work": "Математичні методи в біології. Біоінформатика.",
            "scientific_supervisor": 1
        }
    },
    {
        "model": "educational_degrees.qualificationwork",
        "pk": 45,
        "fields": {
            "full_name": "Веремчук Максим Романович",
            "topic_of_work": "Оптимізація data race детекторів у програмному коді",
            "scientific_supervisor": 5
        }
    },
    {
        "model": "educational_degrees.qualificationwork",
        "pk": 46,
        "fields": {
            "full_name": "Волочай Дар'я Олексіївна",
            "topic_of_work": "Аналіз та синтез організаційно-технічних систем управління на основі документообігу",
            "scientific_supervisor": 10
        }
    },
    {
        "model": "educational_degrees.qualificationwork",
        "pk": 47,
        "fields": {
            "full_name": "Герасимюк Юлія Сергіївна",
            "topic_of_work": "Аналіз та синтез організаційно-технічних систем управління на основі документообігу",
            "scientific_supervisor": 10
        }
    },
    {
        "model": "educational_degrees.qualificationwork",
        "pk": 48,
        "fields": {
            "full_name": "Гур'янова Дар'я Аркадіївна",
            "topic_of_work": "Застосування згорткових нейронних мереж для розпізнавання рукописного тексту",
            "scientific_supervisor": 9
        }
    },
    {
        "model": "educational_degrees.qualificationwork",
        "pk": 49,
        "fields": {
            "full_name": "Давидов Олексій Борисович",
            "topic_of_work": "Оптимальний пошук найкоротшого шляху в NavMesh.",
            "scientific_supervisor": 5
        }
    },
    {
        "model": "educational_degrees.qualificationwork",
        "pk": 50,
        "fields": {
            "full_name": "Дасюк Антон Максимович",
            "topic_of_work": "Створення діалогової системи з використанням NLP на прикладі Telegram-Bot помічника для допомоги у вивченні програмування",
            "scientific_supervisor": 5
        }
    },
    {
        "model": "educational_degrees.qualificationwork",
        "pk": 51,
        "fields": {
            "full_name": "Дмитренко Віталій Павлович",
            "topic_of_work": "Розробка багатофункціонального редактору коду для Android",
            "scientific_supervisor": 18
        }
    },
    {
        "model": "educational_degrees.qualificationwork",
        "pk": 52,
        "fields": {
            "full_name": "Домальчук Максим Миколайович",
            "topic_of_work": "Алгоритмічний підхід до автоматичного створення розкладу з урахуванням обмежень",
            "scientific_supervisor": 7
        }
    },
    {
        "model": "educational_degrees.qualificationwork",
        "pk": 53,
        "fields": {
            "full_name": "Дьяченко Максим Ігорович",
            "topic_of_work": "Розробка та реалізація алгоритмів на нечітких моделях",
            "scientific_supervisor": 1
        }
    },
    {
        "model": "educational_degrees.qualificationwork",
        "pk": 54,
        "fields": {
            "full_name": "Житарюк Юлія Володимирівна",
            "topic_of_work": "Застосування нейронних мереж в розробці ігрової програми Реверсі",
            "scientific_supervisor": 5
        }
    },
    {
        "model": "educational_degrees.qualificationwork",
        "pk": 55,
        "fields": {
            "full_name": "Карлов Євгеній Олександрович",
            "topic_of_work": "Розробка Android-додатку для закладок мовою Kotlin",
            "scientific_supervisor": 14
        }
    },
    {
        "model": "educational_degrees.qualificationwork",
        "pk": 56,
        "fields": {
            "full_name": "Козій Євгеній Сергійович",
            "topic_of_work": "Розробка IoT сервісу синхронізації персональних пристроїв та пристроїв інтернету речей",
            "scientific_supervisor": 5
        }
    },
    {
        "model": "educational_degrees.qualificationwork",
        "pk": 57,
        "fields": {
            "full_name": "Кундас Валерій Юрійович",
            "topic_of_work": "Розробка веб додатку для багатокористувацької гри на основі спортивного покеру",
            "scientific_supervisor": 5
        }
    },
    {
        "model": "educational_degrees.qualificationwork",
        "pk": 58,
        "fields": {
            "full_name": "Лященко Олексій Володимирович",
            "topic_of_work": "Розробка веб сервісу з елементами машинного навчання",
            "scientific_supervisor": 9
        }
    },
    {
        "model": "educational_degrees.qualificationwork",
        "pk": 59,
        "fields": {
            "full_name": "Новік Марія Володимирівна",
            "topic_of_work": "Застосування алгоритмів машинного навчання для розпізнавання та класифікації ненормативної онлайн-лексики",
            "scientific_supervisor": 9
        }
    },
    {
        "model": "educational_degrees.qualificationwork",
        "pk": 60,
        "fields": {
            "full_name": "Репех Катерина Юріївна",
            "topic_of_work": "Побудова алгоритму гри в пул на основі підходів навчання з підкріпленням",
            "scientific_supervisor": 18
        }
    },
    {
        "model": "educational_degrees.qualificationwork",
        "pk": 61,
        "fields": {
            "full_name": "Сорока Роман Сергійович",
            "topic_of_work": "iOS-додаток для продажу автомобілів з розпізнаванням фальшивих відгуків",
            "scientific_supervisor": 9
        }
    },
    {
        "model": "educational_degrees.qualificationwork",
        "pk": 62,
        "fields": {
            "full_name": "Хома Андрій Сергійович",
            "topic_of_work": "Розробка iнтерактивної системи для прогнозування цін акцій на фондових бiржах",
            "scientific_supervisor": 29
        }
    },
    {
        "model": "educational_degrees.qualificationwork",
        "pk": 63,
        "fields": {
            "full_name": "Щигельський Володимир Русланович",
            "topic_of_work": "Графічний підхід до програмного синтезу звуку",
            "scientific_supervisor": 8
        }
    },
    {
        "model": "educational_degrees.qualificationwork",
        "pk": 64,
        "fields": {
            "full_name": "Азімов Фарід Азім огли",
            "topic_of_work": "Виявлення та класифікація пухлин головного мозку на МРТ зображеннях",
            "scientific_supervisor": 1
        }
    },
    {
        "model": "educational_degrees.qualificationwork",
        "pk": 65,
        "fields": {
            "full_name": "Горшенін Михайло Олександрович",
            "topic_of_work": "Система віртуального представлення адміністративних будівель: веб-представлення та система неперервної інтеграції та розгортання",
            "scientific_supervisor": 13
        }
    },
    {
        "model": "educational_degrees.qualificationwork",
        "pk": 66,
        "fields": {
            "full_name": "Давидько Анатолій Євгенович",
            "topic_of_work": "Застосування методів навчання з підкріпленням для навчання агентів ігрових середовищ.",
            "scientific_supervisor": 15
        }
    },
    {
        "model": "educational_degrees.qualificationwork",
        "pk": 67,
        "fields": {
            "full_name": "Демчик Наталія Анатоліївна",
            "topic_of_work": "Використання згорткових нейронних мереж для розпізнавання образів",
            "scientific_supervisor": 5
        }
    },
    {
        "model": "educational_degrees.qualificationwork",
        "pk": 68,
        "fields": {
            "full_name": "Зайченко Сергій Павлович",
            "topic_of_work": "Система віртуального представлення адміністративних будівель : аналізатор та візуалізатор JSON-представлень будівель з функцією пошуку людей та шляхів",
            "scientific_supervisor": 13
        }
    },
    {
        "model": "educational_degrees.qualificationwork",
        "pk": 69,
        "fields": {
            "full_name": "Копил Андрій Вячеславович",
            "topic_of_work": "Система віртуального представлення адміністративних будівель : генератор JSON-представлень будівель",
            "scientific_supervisor": 13
        }
    },
    {
        "model": "educational_degrees.qualificationwork",
        "pk": 70,
        "fields": {
            "full_name": "Кошель Анастасія Андріївна",
            "topic_of_work": "Використання згорткових нейронних мереж для розпізнавання образів на прикладі парсера формул",
            "scientific_supervisor": 5
        }
    },
    {
        "model": "educational_degrees.qualificationwork",
        "pk": 71,
        "fields": {
            "full_name": "Кулеша Ганна Андріївна",
            "topic_of_work": "Розробка інструментів тестування статичних аналізаторів C++ для вимірювання основних показників продуктивності",
            "scientific_supervisor": 18
        }
    },
    {
        "model": "educational_degrees.qualificationwork",
        "pk": 72,
        "fields": {
            "full_name": "Мазур Катерина Анатоліївна",
            "topic_of_work": "Використання методів машинного навчання до задачі передбачення неплатежів за кредитними картками",
            "scientific_supervisor": 15
        }
    },
    {
        "model": "educational_degrees.qualificationwork",
        "pk": 73,
        "fields": {
            "full_name": "Михед Олександр Михайлович",
            "topic_of_work": "Платформа для автоматичного створення телеграм-ботів для забезпечення інформаційної підтримки навчального процесу",
            "scientific_supervisor": 7
        }
    },
    {
        "model": "educational_degrees.qualificationwork",
        "pk": 74,
        "fields": {
            "full_name": "Мілевська Анастасія Володимирівна",
            "topic_of_work": "Моделювання тривимірних моделей та їх прикладне застосування у мультимедійних додатках",
            "scientific_supervisor": 9
        }
    },
    {
        "model": "educational_degrees.qualificationwork",
        "pk": 75,
        "fields": {
            "full_name": "Овсійчук Віктор В'ячеславович",
            "topic_of_work": "Застосування багатопоточного генетичного алгоритму для пошуку оптимального туристичного маршруту",
            "scientific_supervisor": 5
        }
    },
    {
        "model": "educational_degrees.qualificationwork",
        "pk": 76,
        "fields": {
            "full_name": "Опанюк Микита Ігорович",
            "topic_of_work": "Реалізація програмного забезпечення для вичитування даних символьних пристроїв та їх передачі на сервер через GPRS/GSM зв’язок",
            "scientific_supervisor": 6
        }
    },
    {
        "model": "educational_degrees.qualificationwork",
        "pk": 77,
        "fields": {
            "full_name": "Перун Андрій Сергійович",
            "topic_of_work": "Чисельне розв'язання диференціальних рівнянь за допомогою нейромереж",
            "scientific_supervisor": 15
        }
    },
    {
        "model": "educational_degrees.qualificationwork",
        "pk": 78,
        "fields": {
            "full_name": "Попович Олександр Сергійович",
            "topic_of_work": "Визначення характеристик дорожніх перешкод на основі показників акселерометра та GPS-приймача за допомогою нейронних мереж",
            "scientific_supervisor": 18
        }
    },
    {
        "model": "educational_degrees.qualificationwork",
        "pk": 79,
        "fields": {
            "full_name": "Сафаров Едуард Тельманович",
            "topic_of_work": "Застосування штучних нейронних мереж для розпізнавання тексту",
            "scientific_supervisor": 9
        }
    },
    {
        "model": "educational_degrees.qualificationwork",
        "pk": 80,
        "fields": {
            "full_name": "Сівцова Дар'я Григорівна",
            "topic_of_work": "Дослідження та застосування алгоритмів адаптивного пошуку для сучасних рекомендаційних систем",
            "scientific_supervisor": 5
        }
    },
    {
        "model": "educational_degrees.qualificationwork",
        "pk": 81,
        "fields": {
            "full_name": "Стегура Олександр Вікторович",
            "topic_of_work": "Дослідження та застосування методів обробки Big Data в маркетингу",
            "scientific_supervisor": 5
        }
    },
    {
        "model": "educational_degrees.qualificationwork",
        "pk": 82,
        "fields": {
            "full_name": "Браніцький Дмитро Олегович",
            "topic_of_work": "Система автоматичного планування проекту",
            "scientific_supervisor": 14
        }
    },
    {
        "model": "educational_degrees.qualificationwork",
        "pk": 83,
        "fields": {
            "full_name": "Волковий Павло Сергійович",
            "topic_of_work": "Інтегроване середовище проектування сценаріїв для рольових ігор",
            "scientific_supervisor": 28
        }
    },
    {
        "model": "educational_degrees.qualificationwork",
        "pk": 84,
        "fields": {
            "full_name": "Галіцька Олена Анатоліївна",
            "topic_of_work": "Академічно-тестувальна система, заснована на генерації питань з тексту",
            "scientific_supervisor": 12
        }
    },
    {
        "model": "educational_degrees.qualificationwork",
        "pk": 85,
        "fields": {
            "full_name": "Гальченко Максим Євгенійович",
            "topic_of_work": "Алгоритми розв'язання систем рівнянь в булевій алгебрі",
            "scientific_supervisor": 3
        }
    },
    {
        "model": "educational_degrees.qualificationwork",
        "pk": 86,
        "fields": {
            "full_name": "Гринь Артем Вікторович",
            "topic_of_work": "Дослідження розв'язків СЛР у полі дійсних і комплексних чисел TSS-методом",
            "scientific_supervisor": 3
        }
    },
    {
        "model": "educational_degrees.qualificationwork",
        "pk": 87,
        "fields": {
            "full_name": "Єршова Юліана Володимирівна",
            "topic_of_work": "Дослідження мікросервісної архітектури. Трансформація монолітної архітектури додатку в архітектуру мікросервісів",
            "scientific_supervisor": 5
        }
    },
    {
        "model": "educational_degrees.qualificationwork",
        "pk": 88,
        "fields": {
            "full_name": "Жур Іван Леонідович",
            "topic_of_work": "Система пошуку оптимальних маршрутів між містами",
            "scientific_supervisor": 14
        }
    },
    {
        "model": "educational_degrees.qualificationwork",
        "pk": 89,
        "fields": {
            "full_name": "Іляш Кароліна Андріївна",
            "topic_of_work": "Алгоритми трейдінгу з використанням машинного навчання та технічного аналізу",
            "scientific_supervisor": 5
        }
    },
    {
        "model": "educational_degrees.qualificationwork",
        "pk": 90,
        "fields": {
            "full_name": "Каленська Марина Вікторівна",
            "topic_of_work": "Методи аналізу змісту текстової інформації",
            "scientific_supervisor": 9
        }
    },
    {
        "model": "educational_degrees.qualificationwork",
        "pk": 91,
        "fields": {
            "full_name": "Кондратюк Іван Олександрович",
            "topic_of_work": "Генерація оптимальних стратегій покрокових ігор за допомогою методів штучного інтелекту",
            "scientific_supervisor": 15
        }
    },
    {
        "model": "educational_degrees.qualificationwork",
        "pk": 92,
        "fields": {
            "full_name": "Лось Антон Владиславович",
            "topic_of_work": "Автоматичний метод перевірки виконуваності формул арифметики Пресбургера",
            "scientific_supervisor": 3
        }
    },
    {
        "model": "educational_degrees.qualificationwork",
        "pk": 93,
        "fields": {
            "full_name": "Михайленко Максим Олександрович",
            "topic_of_work": "Алгоритми перевірки суперечності систем диз'юнктів та їх програмна реалізація",
            "scientific_supervisor": 3
        }
    },
    {
        "model": "educational_degrees.qualificationwork",
        "pk": 94,
        "fields": {
            "full_name": "Михайловський Олександр Миколайович",
            "topic_of_work": "Нейромережеве моделювання процесів прогнозування на фондовому ринку",
            "scientific_supervisor": 3
        }
    },
    {
        "model": "educational_degrees.qualificationwork",
        "pk": 95,
        "fields": {
            "full_name": "Панчук Богдан Олександрович",
            "topic_of_work": "Безсерверні обчислення з Kubernetes",
            "scientific_supervisor": 6
        }
    },
    {
        "model": "educational_degrees.qualificationwork",
        "pk": 96,
        "fields": {
            "full_name": "Панькін Володимир Миколайович",
            "topic_of_work": "Задача про плоскі мозаїки та її розв'язання у полі Fp",
            "scientific_supervisor": 3
        }
    },
    {
        "model": "educational_degrees.qualificationwork",
        "pk": 97,
        "fields": {
            "full_name": "Пархоменко Олександр Володимирович",
            "topic_of_work": "Алгоритми розв'язку систем лінійних рівнянь в полі дійсних та комплексних чисел та їх застосування до несумісних систем лінійних рівнянь",
            "scientific_supervisor": 3
        }
    },
    {
        "model": "educational_degrees.qualificationwork",
        "pk": 98,
        "fields": {
            "full_name": "Попович Андрій Дмитрович",
            "topic_of_work": "Система з обробки та аналізу природної мови з використанням штучного інтелекту",
            "scientific_supervisor": 9
        }
    },
    {
        "model": "educational_degrees.qualificationwork",
        "pk": 99,
        "fields": {
            "full_name": "Савчук Ярослав Віталійович",
            "topic_of_work": "Розробка сервісу збору та аналізу статистики відвідування веб-додатка",
            "scientific_supervisor": 7
        }
    },
    {
        "model": "educational_degrees.qualificationwork",
        "pk": 100,
        "fields": {
            "full_name": "Симон Олексій Сергійович",
            "topic_of_work": "Застосування навчання з підкріпленням для створення комп'ютерних агентів",
            "scientific_supervisor": 15
        }
    },
    {
        "model": "educational_degrees.qualificationwork",
        "pk": 101,
        "fields": {
            "full_name": "Сілаєв Михайло Олександрович",
            "topic_of_work": "Розробка єдиного алгоритмічного середовища обробки зображень з 2.5d камери",
            "scientific_supervisor": 30
        }
    },
    {
        "model": "educational_degrees.qualificationwork",
        "pk": 102,
        "fields": {
            "full_name": "Уложенко Марина Андріївна",
            "topic_of_work": "Реактивна інтелектуальна система управління навчальним процесом",
            "scientific_supervisor": 28
        }
    },
    {
        "model": "educational_degrees.qualificationwork",
        "pk": 103,
        "fields": {
            "full_name": "Федоренко Галина Ігорівна",
            "topic_of_work": "Використання рекурентних нейронних мереж для узагальнення тексту",
            "scientific_supervisor": 9
        }
    },
    {
        "model": "educational_degrees.qualificationwork",
        "pk": 104,
        "fields": {
            "full_name": "Хміль Наталія Володимирівна",
            "topic_of_work": "Адаптивна персоналізована система автоматичного складання розкладу для студентів",
            "scientific_supervisor": 28
        }
    },
    {
        "model": "educational_degrees.qualificationwork",
        "pk": 105,
        "fields": {
            "full_name": "Чернега Анастасія Олександрівна",
            "topic_of_work": "Побудова класифікатора з відмовою на основі нейронних мереж",
            "scientific_supervisor": 8
        }
    },
    {
        "model": "educational_degrees.qualificationwork",
        "pk": 106,
        "fields": {
            "full_name": "Шанаах Алі Махмуд",
            "topic_of_work": "Великі та відкриті дані. Розробка веб сервісу для пошуку автотранспорту",
            "scientific_supervisor": 7
        }
    },
    {
        "model": "educational_degrees.qualificationwork",
        "pk": 107,
        "fields": {
            "full_name": "Шумейко Максим Володимирович",
            "topic_of_work": "Синтез логічних схем із використанням ДНК-обчислень",
            "scientific_supervisor": 14
        }
    },
    {
        "model": "educational_degrees.qualificationwork",
        "pk": 108,
        "fields": {
            "full_name": "Яковенко Антон Сергійович",
            "topic_of_work": "Система автоматизованого контролю знань. Підсистема \"Студент\"",
            "scientific_supervisor": 13
        }
    },
    {
        "model": "educational_degrees.qualificationwork",
        "pk": 109,
        "fields": {
            "full_name": "Яковенко Артем Сергійович",
            "topic_of_work": "Система автоматизованого контролю знань. Підсистема \"Викладач\"",
            "scientific_supervisor": 13
        }
    },
    {
        "model": "educational_degrees.qualificationwork",
        "pk": 110,
        "fields": {
            "full_name": "Агапов Андрій Васильович",
            "topic_of_work": "Використання адаптивних обмежуючих об'ємів на джерелах світла для оптимізації алгоритмів компютерної візуалізації",
            "scientific_supervisor": 6
        }
    },
    {
        "model": "educational_degrees.qualificationwork",
        "pk": 111,
        "fields": {
            "full_name": "Андрійко Андрій Андрійович",
            "topic_of_work": "Порівняння моделей машинного навчання для автоматичного керування автомобілем",
            "scientific_supervisor": 1
        }
    },
    {
        "model": "educational_degrees.qualificationwork",
        "pk": 112,
        "fields": {
            "full_name": "Богомаз Олександр Романович",
            "topic_of_work": "Розробка платформи для розподільних розрахунків з використанням технологій Docker та Kubernetes",
            "scientific_supervisor": 5
        }
    },
    {
        "model": "educational_degrees.qualificationwork",
        "pk": 113,
        "fields": {
            "full_name": "Бондаревський Євгеній Володимирович",
            "topic_of_work": "Проектування СУБД для реалізації EDA на базі принципу програмування CQRS",
            "scientific_supervisor": 10
        }
    },
    {
        "model": "educational_degrees.qualificationwork",
        "pk": 114,
        "fields": {
            "full_name": "Бондаренко Анастасія Юріївна",
            "topic_of_work": "Розподілене програмування. Аналіз сучасних підходів",
            "scientific_supervisor": 5
        }
    },
    {
        "model": "educational_degrees.qualificationwork",
        "pk": 115,
        "fields": {
            "full_name": "Варзар Євгеній Анатолійович",
            "topic_of_work": "Розробка системи автоматизованої перевірки рівності виразів алгебри множин",
            "scientific_supervisor": 13
        }
    },
    {
        "model": "educational_degrees.qualificationwork",
        "pk": 116,
        "fields": {
            "full_name": "Гандзюк Ігор Іванович",
            "topic_of_work": "Дослідження та візуалізація гіпотези Коллатца за допомогою програмного забезпечення",
            "scientific_supervisor": 6
        }
    },
    {
        "model": "educational_degrees.qualificationwork",
        "pk": 117,
        "fields": {
            "full_name": "Кереб Марія Олександрівна",
            "topic_of_work": "Методи оцінки генеративних діалогових моделей",
            "scientific_supervisor": 1
        }
    },
    {
        "model": "educational_degrees.qualificationwork",
        "pk": 118,
        "fields": {
            "full_name": "Кікін Владислав Андрійович",
            "topic_of_work": "Створення GPU-прискореного графічного рушія на основі методу трасування шляхів",
            "scientific_supervisor": 9
        }
    },
    {
        "model": "educational_degrees.qualificationwork",
        "pk": 119,
        "fields": {
            "full_name": "Колодяжна Тетяна Валеріївна",
            "topic_of_work": "Розробка децентралізованого мережевого сховища даних",
            "scientific_supervisor": 7
        }
    },
    {
        "model": "educational_degrees.qualificationwork",
        "pk": 120,
        "fields": {
            "full_name": "Кононюк Владислав Сергійович",
            "topic_of_work": "Застосування штучного інтелекту в комп'ютерній безпеці",
            "scientific_supervisor": 9
        }
    },
    {
        "model": "educational_degrees.qualificationwork",
        "pk": 121,
        "fields": {
            "full_name": "Костякіна Анастасія Євгенівна",
            "topic_of_work": "Інтелектуальна навчальна система з розпізнаванням тексту",
            "scientific_supervisor": 9
        }
    },
    {
        "model": "educational_degrees.qualificationwork",
        "pk": 122,
        "fields": {
            "full_name": "Котощук Ростислав Олександрович",
            "topic_of_work": "Розробка системи глобального освітлення в реальному часі",
            "scientific_supervisor": 6
        }
    },
    {
        "model": "educational_degrees.qualificationwork",
        "pk": 123,
        "fields": {
            "full_name": "Кудін Дмитро Миколайович",
            "topic_of_work": "Застосування методів машинного навчання для аналізу показників щільності забудови населених пунктів",
            "scientific_supervisor": 6
        }
    },
    {
        "model": "educational_degrees.qualificationwork",
        "pk": 124,
        "fields": {
            "full_name": "Лебідь Роман Вадимович",
            "topic_of_work": "Проектування програмних систем на базі парадигми функціонального програмування з використанням теорії категорій",
            "scientific_supervisor": 10
        }
    },
    {
        "model": "educational_degrees.qualificationwork",
        "pk": 125,
        "fields": {
            "full_name": "Леонов Владислав Віталійович",
            "topic_of_work": "Моделювання антропоморфного обличчя та анімація мови",
            "scientific_supervisor": 9
        }
    },
    {
        "model": "educational_degrees.qualificationwork",
        "pk": 126,
        "fields": {
            "full_name": "Липський Олег Олегович",
            "topic_of_work": "Розробка Android додатку для роботи з булевими функціями",
            "scientific_supervisor": 13
        }
    },
    {
        "model": "educational_degrees.qualificationwork",
        "pk": 127,
        "fields": {
            "full_name": "Петроченко Вячеслав Олександрович",
            "topic_of_work": "Моделювання та розпізнавання мімічних проявів емоцій на обличчі людини",
            "scientific_supervisor": 10
        }
    },
    {
        "model": "educational_degrees.qualificationwork",
        "pk": 128,
        "fields": {
            "full_name": "Погибко Іван Сергійович",
            "topic_of_work": "Розробка та застосування адаптивної системи рекомендацій для музичного додатка",
            "scientific_supervisor": 1
        }
    },
    {
        "model": "educational_degrees.qualificationwork",
        "pk": 129,
        "fields": {
            "full_name": "Попов Нікіта Вікторович",
            "topic_of_work": "Розробка та оптимізація універсального веб-інтерфейсу з використанням бібліотек React і Redux",
            "scientific_supervisor": 7
        }
    },
    {
        "model": "educational_degrees.qualificationwork",
        "pk": 130,
        "fields": {
            "full_name": "Разумова Анна Володимирівна",
            "topic_of_work": "Веб-система для вивчення японської мови",
            "scientific_supervisor": 5
        }
    },
    {
        "model": "educational_degrees.qualificationwork",
        "pk": 131,
        "fields": {
            "full_name": "Смєлова Анастасія Вікторівна",
            "topic_of_work": "Використання глибинного аналізу даних у навчальних системах",
            "scientific_supervisor": 9
        }
    },
    {
        "model": "educational_degrees.qualificationwork",
        "pk": 132,
        "fields": {
            "full_name": "Смикало Юлія Олегівна",
            "topic_of_work": "Розробка мультимедійної програми тестування знань в ігровому середовищі",
            "scientific_supervisor": 9
        }
    },
    {
        "model": "educational_degrees.qualificationwork",
        "pk": 133,
        "fields": {
            "full_name": "Черніков Вадим Володимирович",
            "topic_of_work": "Алгоритми дослідження та візуалізації просторової структури білка",
            "scientific_supervisor": 1
        }
    },
    {
        "model": "educational_degrees.qualificationwork",
        "pk": 134,
        "fields": {
            "full_name": "Шалівський Ярослав Богданович",
            "topic_of_work": "Розробка сервісу обробки нечітких запитів до графових баз даних з використанням фреймворку RDF та технологій Semantic Web",
            "scientific_supervisor": 5
        }
    },
    {
        "model": "educational_degrees.qualificationwork",
        "pk": 135,
        "fields": {
            "full_name": "Юрчук Віталій Вікторович",
            "topic_of_work": "Дослідження, аналіз і оптимізація Fork-Join фреймворка",
            "scientific_supervisor": 5
        }
    },
    {
        "model": "educational_degrees.qualificationwork",
        "pk": 136,
        "fields": {
            "full_name": "Ангелін Микита Іванович",
            "topic_of_work": "Розробка програмної системи у сфері охорони здоров’я і біологічного нагляду, призначеної для біомедичної аналітики",
            "scientific_supervisor": 13
        }
    },
    {
        "model": "educational_degrees.qualificationwork",
        "pk": 137,
        "fields": {
            "full_name": "Антонюк Василь Тарасович",
            "topic_of_work": "Лінійні обмеження над скінченними кільцями та їх програмна реалізація",
            "scientific_supervisor": 3
        }
    },
    {
        "model": "educational_degrees.qualificationwork",
        "pk": 138,
        "fields": {
            "full_name": "Антюк Андрій Павлович",
            "topic_of_work": "Проектування та розробка системи генерації планетарних систем з використанням генетичних алгоритмів",
            "scientific_supervisor": 15
        }
    },
    {
        "model": "educational_degrees.qualificationwork",
        "pk": 139,
        "fields": {
            "full_name": "Бахшалієв Артур Магомедович",
            "topic_of_work": "Створення бота для проекту My Timetable у facebook",
            "scientific_supervisor": 7
        }
    },
    {
        "model": "educational_degrees.qualificationwork",
        "pk": 140,
        "fields": {
            "full_name": "Білецький Вадим Павлович",
            "topic_of_work": "Розробка веб-системи у сфері медичних послуг з використанням Google maps API",
            "scientific_supervisor": 13
        }
    },
    {
        "model": "educational_degrees.qualificationwork",
        "pk": 141,
        "fields": {
            "full_name": "Василашко Даніїл Романович",
            "topic_of_work": "Розробка адаптивного інтерфейсу користувача веб-сервісу для перегляду розкладу занять",
            "scientific_supervisor": 7
        }
    },
    {
        "model": "educational_degrees.qualificationwork",
        "pk": 142,
        "fields": {
            "full_name": "Вовк Сергій Сергійович",
            "topic_of_work": "Створення системи відеозахоплення у сфері персональної безпеки для апаратної платформи Raspberry Pi з підтримкою протоколу Onvif",
            "scientific_supervisor": 13
        }
    },
    {
        "model": "educational_degrees.qualificationwork",
        "pk": 143,
        "fields": {
            "full_name": "Гогерчак Григорій Іванович",
            "topic_of_work": "Розробка веб-орієнтованої системи для проведення інтелектуальних онлайн-змагань",
            "scientific_supervisor": 14
        }
    },
    {
        "model": "educational_degrees.qualificationwork",
        "pk": 145,
        "fields": {
            "full_name": "Головіна Олександра Леонідівна",
            "topic_of_work": "Система представлення знань, добутих з природомовного тексту, у вигляді онтографу. Автоматні операції над онтографами",
            "scientific_supervisor": 3
        }
    },
    {
        "model": "educational_degrees.qualificationwork",
        "pk": 146,
        "fields": {
            "full_name": "Грищенко Олександр Сергійович",
            "topic_of_work": "Хмарний сервіс для обробки логічних функцій",
            "scientific_supervisor": 13
        }
    },
    {
        "model": "educational_degrees.qualificationwork",
        "pk": 147,
        "fields": {
            "full_name": "Димов Костянтин Володимирович",
            "topic_of_work": "Розробка бібліотеки для надання єдиного інтерфейсу запитів до різних джерел даних мовою Python",
            "scientific_supervisor": 15
        }
    },
    {
        "model": "educational_degrees.qualificationwork",
        "pk": 148,
        "fields": {
            "full_name": "Жуков Олексій Геннадійович",
            "topic_of_work": "Розробка мікроблог сервісу з використанням сучасних веб-технологій",
            "scientific_supervisor": 13
        }
    },
    {
        "model": "educational_degrees.qualificationwork",
        "pk": 149,
        "fields": {
            "full_name": "Карпенко Владислав Юрійович",
            "topic_of_work": "Розробка веб-системи тестування студентів з дискретної математики",
            "scientific_supervisor": 13
        }
    },
    {
        "model": "educational_degrees.qualificationwork",
        "pk": 150,
        "fields": {
            "full_name": "Кривко Анатолій Олександрович",
            "topic_of_work": "Розробка інтерфейсу адміністративного модуля для сервісу інформаційної підтримки навчального процесу",
            "scientific_supervisor": 7
        }
    },
    {
        "model": "educational_degrees.qualificationwork",
        "pk": 151,
        "fields": {
            "full_name": "Луцюк Анастасія Валеріївна",
            "topic_of_work": "Система електронного навчання для розв'язання задач математичної логіки, теорії графів та дерев",
            "scientific_supervisor": 14
        }
    },
    {
        "model": "educational_degrees.qualificationwork",
        "pk": 152,
        "fields": {
            "full_name": "Машталір Юрій Васильович",
            "topic_of_work": "Проектування та розробка бібліотек для продуктової бізнес -аналітики",
            "scientific_supervisor": 28
        }
    },
    {
        "model": "educational_degrees.qualificationwork",
        "pk": 153,
        "fields": {
            "full_name": "Мельник Вероніка Станіславівна",
            "topic_of_work": "Розробка веб-системи в сфері електронного навчання для оцінювання програмного коду та контролю успішності студентів",
            "scientific_supervisor": 14
        }
    },
    {
        "model": "educational_degrees.qualificationwork",
        "pk": 154,
        "fields": {
            "full_name": "Проскурня Сергій Віталійович",
            "topic_of_work": "Електронна система аутентифікації з використанням безконтактних карт",
            "scientific_supervisor": 5
        }
    },
    {
        "model": "educational_degrees.qualificationwork",
        "pk": 155,
        "fields": {
            "full_name": "Родін Петро Ігорович",
            "topic_of_work": "Створення веб-сайту (фотогалерея)",
            "scientific_supervisor": 13
        }
    },
    {
        "model": "educational_degrees.qualificationwork",
        "pk": 156,
        "fields": {
            "full_name": "Савін Денис Віталійович",
            "topic_of_work": "Створення Java-компілятора з використанням інфраструктури для розробки компіляторів — LLVM",
            "scientific_supervisor": 7
        }
    },
    {
        "model": "educational_degrees.qualificationwork",
        "pk": 157,
        "fields": {
            "full_name": "Семенович Володимир Дмитрович",
            "topic_of_work": "Дослідження використання багатопоточності в комп’ютерній графіці на прикладі технології Game Engine",
            "scientific_supervisor": 5
        }
    },
    {
        "model": "educational_degrees.qualificationwork",
        "pk": 158,
        "fields": {
            "full_name": "Сиротенко Олександр Романович",
            "topic_of_work": "Розробка веб-фреймворку із серверним рендерінгом клієнтської частини",
            "scientific_supervisor": 5
        }
    },
    {
        "model": "educational_degrees.qualificationwork",
        "pk": 159,
        "fields": {
            "full_name": "Соляр Анна Сергіївна",
            "topic_of_work": "Система представлення знань, добутих з природомовного тексту, у вигляді онтографу. Побудова онтографу та операцій на ньому",
            "scientific_supervisor": 3
        }
    },
    {
        "model": "educational_degrees.qualificationwork",
        "pk": 160,
        "fields": {
            "full_name": "Стеценко Олександр Олегович",
            "topic_of_work": "Розробка тренажеру для збільшення кількісної оцінки рівня інтелекту людини для платформи Google Android",
            "scientific_supervisor": 7
        }
    },
    {
        "model": "educational_degrees.qualificationwork",
        "pk": 161,
        "fields": {
            "full_name": "Тимченко Оксана Олександрівна",
            "topic_of_work": "Розробка рекомендаційного алгоритму для мультимедіа-контенту",
            "scientific_supervisor": 14
        }
    },
    {
        "model": "educational_degrees.qualificationwork",
        "pk": 162,
        "fields": {
            "full_name": "Троїло Кирил Петрович",
            "topic_of_work": "Процедурна генерація планетарного ландшафту та рендеринг з використанням Direct 3D11",
            "scientific_supervisor": 6
        }
    },
    {
        "model": "educational_degrees.qualificationwork",
        "pk": 163,
        "fields": {
            "full_name": "Філіппов Владислав Михайлович",
            "topic_of_work": "Розробка веб-системи тестування студентів з дискретної математики",
            "scientific_supervisor": 13
        }
    },
    {
        "model": "educational_degrees.qualificationwork",
        "pk": 164,
        "fields": {
            "full_name": "Хомяк Олег Віталійович",
            "topic_of_work": "Розробка програмної системи у сфері охорони здоров’я та біологічного нагляду, призначеної для біомедичної аналітики",
            "scientific_supervisor": 13
        }
    },
    {
        "model": "educational_degrees.qualificationwork",
        "pk": 165,
        "fields": {
            "full_name": "Цибуля Діана Вадимівна",
            "topic_of_work": "Розробка навчальної Веб-системи",
            "scientific_supervisor": 14
        }
    },
    {
        "model": "educational_degrees.qualificationwork",
        "pk": 166,
        "fields": {
            "full_name": "Шадрінцев Кирило Вікторович",
            "topic_of_work": "Реалізація алгоритму локального позиціювання з використанням показників мережі WIFI",
            "scientific_supervisor": 5
        }
    },
    {
        "model": "educational_degrees.qualificationwork",
        "pk": 167,
        "fields": {
            "full_name": "Якубів Віктор Романович",
            "topic_of_work": "Проектування та оптимізація складних багатокомпонентних інтерфейсів браузерних додатків",
            "scientific_supervisor": 7
        }
    },
    {
        "model": "educational_degrees.qualificationwork",
        "pk": 168,
        "fields": {
            "full_name": "Яценко Юрій Іванович",
            "topic_of_work": "Додаток для розвитку логіки в ігровій формі для платформи Apple iOS",
            "scientific_supervisor": 7
        }
    },
    {
        "model": "educational_degrees.qualificationwork",
        "pk": 169,
        "fields": {
            "full_name": "Юрчук Олександр Вікторович",
            "topic_of_work": "Генетичні алгоритми в оптимізаційних задачах",
            "scientific_supervisor": 15
        }
    },
    {
        "model": "educational_degrees.qualificationwork",
        "pk": 170,
        "fields": {
            "full_name": "Врабець Володимир Андрійович",
            "topic_of_work": "Система тестування знань з курсу «Дискретна математика»",
            "scientific_supervisor": 13
        }
    },
    {
        "model": "educational_degrees.qualificationwork",
        "pk": 171,
        "fields": {
            "full_name": "Березін Дмитро Андрійович",
            "topic_of_work": "Додаток для аналізу прогресу досягнення цілей для платформи Google Android",
            "scientific_supervisor": 7
        }
    },
    {
        "model": "educational_degrees.qualificationwork",
        "pk": 172,
        "fields": {
            "full_name": "Бондаренко Ксенія Андріївна",
            "topic_of_work": "Реалізація системи логічного виведення на основі секвенційних числень",
            "scientific_supervisor": 14
        }
    },
    {
        "model": "educational_degrees.qualificationwork",
        "pk": 173,
        "fields": {
            "full_name": "Гриценко Владислав Володимирович",
            "topic_of_work": "Розробка програмного модулю порівняння алгебраїчних виразів",
            "scientific_supervisor": 13
        }
    },
    {
        "model": "educational_degrees.qualificationwork",
        "pk": 174,
        "fields": {
            "full_name": "Дегтяр Тарас Володимирович",
            "topic_of_work": "Розробка соціальної блогінг платформи з рекомендацією ресурсів",
            "scientific_supervisor": 6
        }
    },
    {
        "model": "educational_degrees.qualificationwork",
        "pk": 175,
        "fields": {
            "full_name": "Дем'яненко Гліб Андрійович",
            "topic_of_work": "Асинхронна мультиплеєрна мережа із крапки в крапку",
            "scientific_supervisor": 5
        }
    },
    {
        "model": "educational_degrees.qualificationwork",
        "pk": 176,
        "fields": {
            "full_name": "Дмитрієв Максим Леонідович",
            "topic_of_work": "озробка інформаційної системи для електронної комерції типу В2С",
            "scientific_supervisor": 6
        }
    },
    {
        "model": "educational_degrees.qualificationwork",
        "pk": 177,
        "fields": {
            "full_name": "Євреш Едгар Едуард Олександрович",
            "topic_of_work": "Розробка та просування сайту ветеранів КНУ",
            "scientific_supervisor": 13
        }
    },
    {
        "model": "educational_degrees.qualificationwork",
        "pk": 178,
        "fields": {
            "full_name": "Єрьомін Єгор Костянтинович",
            "topic_of_work": "Розробка освітньої системи для викладачів та студентів",
            "scientific_supervisor": 9
        }
    },
    {
        "model": "educational_degrees.qualificationwork",
        "pk": 179,
        "fields": {
            "full_name": "Зелінський Владислав Віталійович",
            "topic_of_work": "Розробка крос-платформного додатку",
            "scientific_supervisor": 9
        }
    },
    {
        "model": "educational_degrees.qualificationwork",
        "pk": 180,
        "fields": {
            "full_name": "Зимницький Павло Олександрович",
            "topic_of_work": "Розробка системи для порівняння цін з різних торговельних мереж",
            "scientific_supervisor": 6
        }
    },
    {
        "model": "educational_degrees.qualificationwork",
        "pk": 181,
        "fields": {
            "full_name": "Ількун Олександр Петрович",
            "topic_of_work": "Аналіз і розробка масштабованої корпоративної системи з використанням технологій на основі Java",
            "scientific_supervisor": 6
        }
    },
    {
        "model": "educational_degrees.qualificationwork",
        "pk": 182,
        "fields": {
            "full_name": "Ільчук Дмитрій Анатолійович",
            "topic_of_work": "Розробка системи аналізу відгуків користувачів з використанням sentiment-аналіз",
            "scientific_supervisor": 6
        }
    },
    {
        "model": "educational_degrees.qualificationwork",
        "pk": 183,
        "fields": {
            "full_name": "Калініченко Андрій Вікторович",
            "topic_of_work": "Дослідження ефективності алгоритмів виділення контурів об’єктів на базі операційної системи Android",
            "scientific_supervisor": 6
        }
    },
    {
        "model": "educational_degrees.qualificationwork",
        "pk": 184,
        "fields": {
            "full_name": "Кожухівський Віталій Андрійович",
            "topic_of_work": "Розробка крос-платформного мобільного програмного забезпечення для вивчення іноземних мов",
            "scientific_supervisor": 7
        }
    },
    {
        "model": "educational_degrees.qualificationwork",
        "pk": 185,
        "fields": {
            "full_name": "Колянко Михайло Іванович",
            "topic_of_work": "Адаптивна система перевірки зміни вмісту Web-ресурсу",
            "scientific_supervisor": 12
        }
    },
    {
        "model": "educational_degrees.qualificationwork",
        "pk": 186,
        "fields": {
            "full_name": "Лобачова Марія Олегівна",
            "topic_of_work": "Методи залучення абітурієнтів за допомогою соціальних мереж",
            "scientific_supervisor": 13
        }
    },
    {
        "model": "educational_degrees.qualificationwork",
        "pk": 187,
        "fields": {
            "full_name": "Марущенко Михайло Олександрович",
            "topic_of_work": "Прогресивна ігрова розробка «Збереження даних та оптимізація пам’яті»",
            "scientific_supervisor": 9
        }
    },
    {
        "model": "educational_degrees.qualificationwork",
        "pk": 188,
        "fields": {
            "full_name": "Мещеряков Микита В'ячеславович",
            "topic_of_work": "Розробка та адаптація інтерфейсу користувача веб-сервісу для створення і перегляду розкладу занять до відображення на різних типах пристроїв",
            "scientific_supervisor": 7
        }
    },
    {
        "model": "educational_degrees.qualificationwork",
        "pk": 189,
        "fields": {
            "full_name": "Михайленко Олександр Олександрович",
            "topic_of_work": "Розпізнавання образів на основі відеоінформації",
            "scientific_supervisor": 6
        }
    },
    {
        "model": "educational_degrees.qualificationwork",
        "pk": 190,
        "fields": {
            "full_name": "Муравйов Олексій Анатолійович",
            "topic_of_work": "Додаток для забезпечення єдиного інтерфейсу паралельного доступу до декількох хмарних сервісів зберігання даних для платформи Android",
            "scientific_supervisor": 7
        }
    },
    {
        "model": "educational_degrees.qualificationwork",
        "pk": 191,
        "fields": {
            "full_name": "Олефіренко Аліна Миколаївна",
            "topic_of_work": "Розробка соціальної мережі для подорожей залізничним транспортом",
            "scientific_supervisor": 14
        }
    },
    {
        "model": "educational_degrees.qualificationwork",
        "pk": 192,
        "fields": {
            "full_name": "Погребняк Олександр Андрійович",
            "topic_of_work": "Cоціальна мережа",
            "scientific_supervisor": 9
        }
    },
    {
        "model": "educational_degrees.qualificationwork",
        "pk": 193,
        "fields": {
            "full_name": "Понікарчук Роман Олександрович",
            "topic_of_work": "Розробка системи інформаційної підтримки студентів для платформи Google Android",
            "scientific_supervisor": 7
        }
    },
    {
        "model": "educational_degrees.qualificationwork",
        "pk": 194,
        "fields": {
            "full_name": "Придій Ріхард Петрович",
            "topic_of_work": "Інтелектуальна система для розпізнавання рослин за листком",
            "scientific_supervisor": 12
        }
    },
    {
        "model": "educational_degrees.qualificationwork",
        "pk": 195,
        "fields": {
            "full_name": "Сарана Анна Олександрівна",
            "topic_of_work": "Алгоритми розв’язання систем лінійних обмежень в множині {0,1} та їх застосування",
            "scientific_supervisor": 3
        }
    },
    {
        "model": "educational_degrees.qualificationwork",
        "pk": 196,
        "fields": {
            "full_name": "Солодова Анастасія Віталіївна",
            "topic_of_work": "Створення сайту для розміщення наукових робіт співробітників",
            "scientific_supervisor": 13
        }
    },
    {
        "model": "educational_degrees.qualificationwork",
        "pk": 197,
        "fields": {
            "full_name": "Стрельніков Владислав Борисович",
            "topic_of_work": "Створення Web-орієнтованої системи для забезпечення інформаційної підтримки навчального процесу",
            "scientific_supervisor": 7
        }
    },
    {
        "model": "educational_degrees.qualificationwork",
        "pk": 198,
        "fields": {
            "full_name": "Тимофієнко Владислав Сергійович",
            "topic_of_work": "Паралельні алгоритми на графах",
            "scientific_supervisor": 13
        }
    },
    {
        "model": "educational_degrees.qualificationwork",
        "pk": 199,
        "fields": {
            "full_name": "Уваров Дмитро Сергійович",
            "topic_of_work": "Розробка алгоритмів Computer Vision для розпізнавання об’єктів",
            "scientific_supervisor": 6
        }
    },
    {
        "model": "educational_degrees.qualificationwork",
        "pk": 200,
        "fields": {
            "full_name": "Устиянський Богдан Віталійович",
            "topic_of_work": "Сервіс організації рок концертів",
            "scientific_supervisor": 13
        }
    },
    {
        "model": "educational_degrees.qualificationwork",
        "pk": 201,
        "fields": {
            "full_name": "Харченко Марія Володимирівна",
            "topic_of_work": "Розробка програмного забезпечення із використанням даних геолокації для ОС Windows Phone",
            "scientific_supervisor": 14
        }
    },
    {
        "model": "educational_degrees.qualificationwork",
        "pk": 202,
        "fields": {
            "full_name": "Хоменко Олександр Володимирович",
            "topic_of_work": "Створення веб-бібліотеки",
            "scientific_supervisor": 13
        }
    },
    {
        "model": "educational_degrees.qualificationwork",
        "pk": 203,
        "fields": {
            "full_name": "Хрестек Роман Вячеславович",
            "topic_of_work": "Розробка спортивного додатку для ОС Android",
            "scientific_supervisor": 14
        }
    },
    {
        "model": "educational_degrees.qualificationwork",
        "pk": 204,
        "fields": {
            "full_name": "Цушко Артем Сергійович",
            "topic_of_work": "Розробка масштабованої системи для організації групових велосипедних поїздок",
            "scientific_supervisor": 6
        }
    },
    {
        "model": "educational_degrees.qualificationwork",
        "pk": 205,
        "fields": {
            "full_name": "Чернуха Іван Вікторович",
            "topic_of_work": "Система для пошуку співбесідника за спільними інтересами",
            "scientific_supervisor": 12
        }
    },
    {
        "model": "educational_degrees.qualificationwork",
        "pk": 206,
        "fields": {
            "full_name": "Шикун Костянтин Віталійович",
            "topic_of_work": "Метод розв’язання систем лінійних нерівностей без введення додаткових змінних",
            "scientific_supervisor": 3
        }
    },
    {
        "model": "educational_degrees.qualificationwork",
        "pk": 207,
        "fields": {
            "full_name": "Ящук Михайло Володимирович",
            "topic_of_work": "Аналіз і розробка масштабованої корпоративної системи з використанням технологій на основі Java",
            "scientific_supervisor": 6
        }
    },
    {
        "model": "educational_degrees.qualificationwork",
        "pk": 208,
        "fields": {
            "full_name": "Варзар Євгеній Анатолійович",
            "topic_of_work": "Розробка програмної системи кількісної оцінки ступеня перекриття екологічних ніш",
            "scientific_supervisor": 13
        }
    },
    {
        "model": "educational_degrees.qualificationwork",
        "pk": 209,
        "fields": {
            "full_name": "Джус Станіслав Юрійович",
            "topic_of_work": "Проектування, реалізація та супровід розважально-розвиваючої гри \"Вгадай місце\" з інтерфейсом чат-бота”",
            "scientific_supervisor": 7
        }
    },
    {
        "model": "educational_degrees.qualificationwork",
        "pk": 210,
        "fields": {
            "full_name": "Кудін Дмитро Миколайович",
            "topic_of_work": "Розробка та аналіз продуктивності мобільних застосунків на базі кросплатформенних фреймворків",
            "scientific_supervisor": 10
        }
    },
    {
        "model": "educational_degrees.qualificationwork",
        "pk": 211,
        "fields": {
            "full_name": "Погибко Іван Сергійович",
            "topic_of_work": "Проектування та розробка інтерфейсу адміністративного модуля для сервісу розкладу занять",
            "scientific_supervisor": 7
        }
    },
    {
        "model": "educational_degrees.qualificationwork",
        "pk": 212,
        "fields": {
            "full_name": "Попов Нікіта Вікторович",
            "topic_of_work": "Проектування, реалізація та супровід інтерфейсу користувача інформаційної системи розкладу занять",
            "scientific_supervisor": 7
        }
    },
    {
        "model": "educational_degrees.qualificationwork",
        "pk": 213,
        "fields": {
            "full_name": "Рева Владислав Валерійович",
            "topic_of_work": "Моделювання децентралізованих протоколів консенсуса перспективних криптовалют",
            "scientific_supervisor": 9
        }
    },
    {
        "model": "educational_degrees.qualificationwork",
        "pk": 214,
        "fields": {
            "full_name": "Смєлова Анастасія Вікторівна",
            "topic_of_work": "Використання багатоатрибутної класифікації для знаходження відповідей на запитання до зображень",
            "scientific_supervisor": 7
        }
    },
    {
        "model": "educational_degrees.qualificationwork",
        "pk": 215,
        "fields": {
            "full_name": "Антонюк Василь Тарасович",
            "topic_of_work": "Алгоритми розв'язання систем лінійних діофантових рівнянь в області {0,1} та їх модифікації",
            "scientific_supervisor": 3
        }
    },
    {
        "model": "educational_degrees.qualificationwork",
        "pk": 216,
        "fields": {
            "full_name": "Антюк Андрій Павлович",
            "topic_of_work": "Розробка системи для генерації та моделювання планет земної групи",
            "scientific_supervisor": 14
        }
    },
    {
        "model": "educational_degrees.qualificationwork",
        "pk": 217,
        "fields": {
            "full_name": "Білецький Вадим Павлович",
            "topic_of_work": "Використання алгоритмів комп'ютерного зору у проблемах автоматизованих систем",
            "scientific_supervisor": 9
        }
    },
    {
        "model": "educational_degrees.qualificationwork",
        "pk": 218,
        "fields": {
            "full_name": "Гогерчак Григорій Іванович",
            "topic_of_work": "Методи та алгоритми розв’язання систем лінійних рівнянь у скінченних полях простої характеристики",
            "scientific_supervisor": 3
        }
    },
    {
        "model": "educational_degrees.qualificationwork",
        "pk": 219,
        "fields": {
            "full_name": "Димов Костянтин Володимирович",
            "topic_of_work": "Розробка алгоритму планування маршрутів подорожей на основі генетичного алгоритму та технологій машинного навчання",
            "scientific_supervisor": 14
        }
    },
    {
        "model": "educational_degrees.qualificationwork",
        "pk": 220,
        "fields": {
            "full_name": "Луцюк Анастасія Валеріївна",
            "topic_of_work": "Розробка алгоритму для розпізнавання підозрілої активності та аналізу шаблонів поведінки в соціальних мережах",
            "scientific_supervisor": 14
        }
    },
    {
        "model": "educational_degrees.qualificationwork",
        "pk": 221,
        "fields": {
            "full_name": "Семенович Володимир Дмитрович",
            "topic_of_work": "Використання алгоритмів машинного навчання у проблемах автоматизованих систем",
            "scientific_supervisor": 9
        }
    },
    {
        "model": "educational_degrees.qualificationwork",
        "pk": 222,
        "fields": {
            "full_name": "Сиротенко Олександр Романович",
            "topic_of_work": "Реалізація масивних операцій над пам'яттю в браузерному форматі WebAssemly",
            "scientific_supervisor": 7
        }
    },
    {
        "model": "educational_degrees.qualificationwork",
        "pk": 223,
        "fields": {
            "full_name": "Соляр Анна Сергіївна",
            "topic_of_work": "Реалізація життєвого циклу розробки програмного забезпечення на прикладі системи для інтерактивного навчання програмуванню",
            "scientific_supervisor": 18
        }
    },
    {
        "model": "educational_degrees.qualificationwork",
        "pk": 224,
        "fields": {
            "full_name": "Стеценко Олександр Олегович",
            "topic_of_work": "Мультиагентні методи розробки кіберфізичних систем",
            "scientific_supervisor": 2
        }
    },
    {
        "model": "educational_degrees.qualificationwork",
        "pk": 225,
        "fields": {
            "full_name": "Тимченко Оксана Олександрівна",
            "topic_of_work": "Передбачення поведінки користувача на обмежених вхідних даних",
            "scientific_supervisor": 7
        }
    },
    {
        "model": "educational_degrees.qualificationwork",
        "pk": 226,
        "fields": {
            "full_name": "Туровська Юлія Андріївна",
            "topic_of_work": "Розробка системи інформаційної підтримки діяльності менеджера підприємства",
            "scientific_supervisor": 7
        }
    },
    {
        "model": "educational_degrees.qualificationwork",
        "pk": 227,
        "fields": {
            "full_name": "Цибуля Діана Вадимівна",
            "topic_of_work": "Розробка програмного забезпечення для класифікації та кластеризації інформаційних потоків",
            "scientific_supervisor": 7
        }
    },
    {
        "model": "educational_degrees.qualificationwork",
        "pk": 228,
        "fields": {
            "full_name": "Якубів Віктор Романович",
            "topic_of_work": "Персоналізована рекомендаційна система наукових публікацій",
            "scientific_supervisor": 28
        }
    },
    {
        "model": "educational_degrees.qualificationwork",
        "pk": 229,
        "fields": {
            "full_name": "Яценко Юрій Іванович",
            "topic_of_work": "Інтелектуальна інформаційна система для контролю швидкості відтворення відеоряду",
            "scientific_supervisor": 7
        }
    },
    {
        "model": "educational_degrees.qualificationwork",
        "pk": 230,
        "fields": {
            "full_name": "Дегтяр Тарас Володимирович",
            "topic_of_work": "Застосування методів машинного навчання для виявлення шахрайства у реферальних системах",
            "scientific_supervisor": 7
        }
    },
    {
        "model": "educational_degrees.qualificationwork",
        "pk": 231,
        "fields": {
            "full_name": "Дмитрієв Максим Леонідович",
            "topic_of_work": "Розробка системи контекстного пошуку",
            "scientific_supervisor": 6
        }
    },
    {
        "model": "educational_degrees.qualificationwork",
        "pk": 232,
        "fields": {
            "full_name": "Зелінський Владислав Віталійович",
            "topic_of_work": "Розробка додатку з функцією доповненої реальності",
            "scientific_supervisor": 14
        }
    },
    {
        "model": "educational_degrees.qualificationwork",
        "pk": 233,
        "fields": {
            "full_name": "Ількун Олександр Петрович",
            "topic_of_work": "Розробка веб-сервісу для вирішення задач кластерного аналізу на прикладі онлайн-сховища зображень з інтелектуальним пошуком",
            "scientific_supervisor": 14
        }
    },
    {
        "model": "educational_degrees.qualificationwork",
        "pk": 234,
        "fields": {
            "full_name": "Ільчук Дмитрій Анатолійович",
            "topic_of_work": "Розробка алгоритму для комп'ютерної генерації зображень на основі текстового опису",
            "scientific_supervisor": 14
        }
    },
    {
        "model": "educational_degrees.qualificationwork",
        "pk": 235,
        "fields": {
            "full_name": "Калініченко Андрій Вікторович",
            "topic_of_work": "Розробка та дослідження властивостей смарт-контракту на основі блокчейну",
            "scientific_supervisor": 6
        }
    },
    {
        "model": "educational_degrees.qualificationwork",
        "pk": 236,
        "fields": {
            "full_name": "Кожухівський Віталій Андрійович",
            "topic_of_work": "Моделювання та прогнозування поведінкової активності користувачів сервісів обміну миттєвими повідомленнями",
            "scientific_supervisor": 7
        }
    },
    {
        "model": "educational_degrees.qualificationwork",
        "pk": 237,
        "fields": {
            "full_name": "Кохан Євгеній Ігорович",
            "topic_of_work": "Прогнозування часових рядів із застосуванням рекурентних нейронних мереж",
            "scientific_supervisor": 7
        }
    },
    {
        "model": "educational_degrees.qualificationwork",
        "pk": 238,
        "fields": {
            "full_name": "Михайленко Олександр Олександрович",
            "topic_of_work": "Збір фрагментів документа для відповіді на біо-медичне запитання",
            "scientific_supervisor": 6
        }
    },
    {
        "model": "educational_degrees.qualificationwork",
        "pk": 239,
        "fields": {
            "full_name": "Понікарчук Роман Олександрович",
            "topic_of_work": "Використання теорії та технологій комп'ютерного зору для виявлення, стеження та класифікації рухомих об'єктів",
            "scientific_supervisor": 7
        }
    },
    {
        "model": "educational_degrees.qualificationwork",
        "pk": 240,
        "fields": {
            "full_name": "Стрельніков Владислав Борисович",
            "topic_of_work": "Проектування, реалізація та супровід інформаційної системи розкладу занять освітнього закладу ІІІ-ІV рівня акредитації",
            "scientific_supervisor": 7
        }
    },
    {
        "model": "educational_degrees.qualificationwork",
        "pk": 241,
        "fields": {
            "full_name": "Уваров Дмитро Сергійович",
            "topic_of_work": "Обчислення карти глибини зображення",
            "scientific_supervisor": 9
        }
    },
    {
        "model": "educational_degrees.qualificationwork",
        "pk": 242,
        "fields": {
            "full_name": "Фризюк Олександр Валерійович",
            "topic_of_work": "Розробка навігаційної системи на основі сучасних картографічних платформ з можливістю кастомізації",
            "scientific_supervisor": 12
        }
    },
    {
        "model": "educational_degrees.qualificationwork",
        "pk": 243,
        "fields": {
            "full_name": "Цушко Артем Сергійович",
            "topic_of_work": "Порівняльний аналіз складності аналізу кольорової мережі Петрі та еквівалентної простої мережі Петрі",
            "scientific_supervisor": 3
        }
    },
    {
        "model": "educational_degrees.qualificationwork",
        "pk": 244,
        "fields": {
            "full_name": "Ящук Михайло Володимирович",
            "topic_of_work": "Дослідження алгоритмів для вирішення задач консенсусу в мережі ненадійних обчислень",
            "scientific_supervisor": 6
        }
    },
    {
        "model": "educational_degrees.qualificationwork",
        "pk": 245,
        "fields": {
            "full_name": "Бабій Павло Миколайович",
            "topic_of_work": "Розробка системи для симуляції та аналізу стратегій збору інформації про переваги користувача",
            "scientific_supervisor": 31
        }
    },
    {
        "model": "educational_degrees.qualificationwork",
        "pk": 246,
        "fields": {
            "full_name": "Бондюк Владислав Володимирович",
            "topic_of_work": "Моделювання та візуалізація руху автомобілів",
            "scientific_supervisor": 30
        }
    },
    {
        "model": "educational_degrees.qualificationwork",
        "pk": 247,
        "fields": {
            "full_name": "Заколенко Роман Костянтинович",
            "topic_of_work": "Розробка типобезпечного драйвера до розподіленої бази даних «Сassandra»",
            "scientific_supervisor": 31
        }
    },
    {
        "model": "educational_degrees.qualificationwork",
        "pk": 248,
        "fields": {
            "full_name": "Осиков Віталій Васильович",
            "topic_of_work": "Розробка системи для аналізу аудіофалів та їх класифікація за допомогою нейронної мережі",
            "scientific_supervisor": 31
        }
    },
    {
        "model": "educational_degrees.qualificationwork",
        "pk": 249,
        "fields": {
            "full_name": "Бердар Михайло Михайлович",
            "topic_of_work": "Розробка веб-системи для генерації здорового збалансованого харчування. Клієнтська частина",
            "scientific_supervisor": 6
        }
    },
    {
        "model": "educational_degrees.qualificationwork",
        "pk": 250,
        "fields": {
            "full_name": "Біляшевич Аліна Миколаївна",
            "topic_of_work": "Розробка веб-системи для генерації здорового збалансованого харчування. Клієнтська частина",
            "scientific_supervisor": 14
        }
    },
    {
        "model": "educational_degrees.qualificationwork",
        "pk": 251,
        "fields": {
            "full_name": "Братащук Володимир Володимирович",
            "topic_of_work": "Розробка інформаційної системи «Розклад навчального процесу» для платформи Android",
            "scientific_supervisor": 7
        }
    },
    {
        "model": "educational_degrees.qualificationwork",
        "pk": 252,
        "fields": {
            "full_name": "Гринюк Ярослав Васильович",
            "topic_of_work": "Розподілена графова база даних",
            "scientific_supervisor": 14
        }
    },
    {
        "model": "educational_degrees.qualificationwork",
        "pk": 253,
        "fields": {
            "full_name": "Дворянов Дмитро Олександрович",
            "topic_of_work": "Верифікація машинних програм методами символічного виконання",
            "scientific_supervisor": 3
        }
    },
    {
        "model": "educational_degrees.qualificationwork",
        "pk": 254,
        "fields": {
            "full_name": "Карташова Тетяна Миколаївна",
            "topic_of_work": "Розробка алгоритму морфінгу для відео",
            "scientific_supervisor": 14
        }
    },
    {
        "model": "educational_degrees.qualificationwork",
        "pk": 255,
        "fields": {
            "full_name": "Костенюк Віктор Сергійович",
            "topic_of_work": "Розробка комплексу дослідження напружено-деформованого стану розгалужених просторових трубопровідних систем",
            "scientific_supervisor": 13
        }
    },
    {
        "model": "educational_degrees.qualificationwork",
        "pk": 256,
        "fields": {
            "full_name": "Коцко Мар'яна Анатоліївна",
            "topic_of_work": "Моделювання синхронних добутків транзиційних систем засобами мереж Петрі",
            "scientific_supervisor": 3
        }
    },
    {
        "model": "educational_degrees.qualificationwork",
        "pk": 257,
        "fields": {
            "full_name": "Мединський Дмитро Олександрович",
            "topic_of_work": "Розробка програмного забезпечення для інформаційної підтримки навчального процесу для платформи APPLE iOS",
            "scientific_supervisor": 7
        }
    },
    {
        "model": "educational_degrees.qualificationwork",
        "pk": 258,
        "fields": {
            "full_name": "Михайловський Іван Олександрович",
            "topic_of_work": "Алгоритми вибору лідера в розподілених системах",
            "scientific_supervisor": 14
        }
    },
    {
        "model": "educational_degrees.qualificationwork",
        "pk": 259,
        "fields": {
            "full_name": "Ничик Юрій Романович",
            "topic_of_work": "Розробка веб-системи для генерації здорового збалансованого раціону харчування. Серверна частина",
            "scientific_supervisor": 14
        }
    },
    {
        "model": "educational_degrees.qualificationwork",
        "pk": 260,
        "fields": {
            "full_name": "Патлякевич Юрій Олексійович",
            "topic_of_work": "Розробка інформаційного бота для відображення прогнозу погоди через інтерфейс сервісу Skype",
            "scientific_supervisor": 7
        }
    },
    {
        "model": "educational_degrees.qualificationwork",
        "pk": 261,
        "fields": {
            "full_name": "Сбітнєва Марія Степанівна",
            "topic_of_work": "Верифікація машинних програм методами символічного виконання",
            "scientific_supervisor": 3
        }
    },
    {
        "model": "educational_degrees.qualificationwork",
        "pk": 262,
        "fields": {
            "full_name": "Скварковський Євгеній Петрович",
            "topic_of_work": "Розробка симулятору нормального алгоритму Маркова у мобільному додатку",
            "scientific_supervisor": 13
        }
    },
    {
        "model": "educational_degrees.qualificationwork",
        "pk": 263,
        "fields": {
            "full_name": "Ушакова Олена Олександрівна",
            "topic_of_work": "Управліня проектами з використанням максимальних незалежних множин вершин графа",
            "scientific_supervisor": 4
        }
    },
    {
        "model": "educational_degrees.qualificationwork",
        "pk": 264,
        "fields": {
            "full_name": "Шевчук Валерій Юрійович",
            "topic_of_work": "Розробка високопродуктивного кеш-сервера для захисту ігрових серверів від Dos ATAK",
            "scientific_supervisor": 6
        }
    },
    {
        "model": "educational_degrees.qualificationwork",
        "pk": 265,
        "fields": {
            "full_name": "Ямпольський Сергій Олександрович",
            "topic_of_work": "Розвиток лінгвістичних навиків людини шляхом автоматизації процесу вивчення іноземної мови",
            "scientific_supervisor": 9
        }
    },
    {
        "model": "educational_degrees.qualificationwork",
        "pk": 266,
        "fields": {
            "full_name": "Бабій Гліб Миколайович",
            "topic_of_work": "Персоналізований підбір текстів для ефективного запам’ятовування іноземної лексики",
            "scientific_supervisor": 5
        }
    },
    {
        "model": "educational_degrees.qualificationwork",
        "pk": 267,
        "fields": {
            "full_name": "Бантиш Олег Віталійович",
            "topic_of_work": "Інтеграція DSL та візуальної мови програмування",
            "scientific_supervisor": 6
        }
    },
    {
        "model": "educational_degrees.qualificationwork",
        "pk": 268,
        "fields": {
            "full_name": "Біла Ольга Миколаївна",
            "topic_of_work": "Прикладне застосування нейронних мереж у задачах діагностики",
            "scientific_supervisor": 9
        }
    },
    {
        "model": "educational_degrees.qualificationwork",
        "pk": 269,
        "fields": {
            "full_name": "Білецький Сергій Сергійович",
            "topic_of_work": "Інтеграція DSL мови в NetBeans IDE",
            "scientific_supervisor": 6
        }
    },
    {
        "model": "educational_degrees.qualificationwork",
        "pk": 270,
        "fields": {
            "full_name": "Головко Яків Юрійович",
            "topic_of_work": "Використання ІВМ Watson для пошуку смислових зв’язків у тексті",
            "scientific_supervisor": 32
        }
    },
    {
        "model": "educational_degrees.qualificationwork",
        "pk": 271,
        "fields": {
            "full_name": "Єщенко Антон Юрійович",
            "topic_of_work": "Пошук кращого евристичного алгоритму для проблеми максимальної коаліції в обмеженій кооперативній грі",
            "scientific_supervisor": 1
        }
    },
    {
        "model": "educational_degrees.qualificationwork",
        "pk": 272,
        "fields": {
            "full_name": "Калашніков Богдан Володимирович",
            "topic_of_work": "Розробка іОS застосунків з використанням шаблонів проектування",
            "scientific_supervisor": 14
        }
    },
    {
        "model": "educational_degrees.qualificationwork",
        "pk": 273,
        "fields": {
            "full_name": "Когут Антоніна Володимирівна",
            "topic_of_work": "Попередня обробка даних в ДНК обчисленнях",
            "scientific_supervisor": 1
        }
    },
    {
        "model": "educational_degrees.qualificationwork",
        "pk": 274,
        "fields": {
            "full_name": "Ларін Владислав Олегович",
            "topic_of_work": "Розробка компілятора DSL мови в Java",
            "scientific_supervisor": 6
        }
    },
    {
        "model": "educational_degrees.qualificationwork",
        "pk": 275,
        "fields": {
            "full_name": "Лук'янов Ігор Олегович",
            "topic_of_work": "Розробка музичного Веб-сервісу з комбінуванням різних видів АРІ",
            "scientific_supervisor": 14
        }
    },
    {
        "model": "educational_degrees.qualificationwork",
        "pk": 276,
        "fields": {
            "full_name": "Макаревич Андрій Олегович",
            "topic_of_work": "Реалізація конструкцій мови Haskell засобами С++1z",
            "scientific_supervisor": 12
        }
    },
    {
        "model": "educational_degrees.qualificationwork",
        "pk": 277,
        "fields": {
            "full_name": "Мороз Оксана Іванівна",
            "topic_of_work": "Виявлення контурів зображення методами нечіткої логіки",
            "scientific_supervisor": 1
        }
    },
    {
        "model": "educational_degrees.qualificationwork",
        "pk": 278,
        "fields": {
            "full_name": "Ольгашко Олександр Володимирович",
            "topic_of_work": "Добування семантичних зв’язків для побудови системи діалогу",
            "scientific_supervisor": 32
        }
    },
    {
        "model": "educational_degrees.qualificationwork",
        "pk": 279,
        "fields": {
            "full_name": "Петелько Юрій Юрійович",
            "topic_of_work": "Видобування та аналіз інформації, що знаходиться у вільному доступі",
            "scientific_supervisor": 9
        }
    },
    {
        "model": "educational_degrees.qualificationwork",
        "pk": 280,
        "fields": {
            "full_name": "Поляченко Артур Ігорович",
            "topic_of_work": "Організація груп додатків",
            "scientific_supervisor": 12
        }
    },
    {
        "model": "educational_degrees.qualificationwork",
        "pk": 281,
        "fields": {
            "full_name": "Рагімова Дарина Рауфівна",
            "topic_of_work": "Розробка системи керування вмістом, що використовує Google App Engine",
            "scientific_supervisor": 33
        }
    },
    {
        "model": "educational_degrees.qualificationwork",
        "pk": 282,
        "fields": {
            "full_name": "Самойленко Максим Юрійович",
            "topic_of_work": "Отримання 3D моделі за допомогою двовимірних зображень",
            "scientific_supervisor": 6
        }
    },
    {
        "model": "educational_degrees.qualificationwork",
        "pk": 283,
        "fields": {
            "full_name": "Синяк Микита Геннадійович",
            "topic_of_work": "Розробка інтелектуальної інформаційної системи для перевірки текстів на унікальність",
            "scientific_supervisor": 7
        }
    },
    {
        "model": "educational_degrees.qualificationwork",
        "pk": 284,
        "fields": {
            "full_name": "Чупов Сергій Русланович",
            "topic_of_work": "Дослідження Backend as a Service платформ. Реалізація бібліотеки Android/Java SDK для хмарного сервісу Backendless",
            "scientific_supervisor": 5
        }
    },
    {
        "model": "educational_degrees.qualificationwork",
        "pk": 285,
        "fields": {
            "full_name": "Шевніна Анастасія Анатоліївна",
            "topic_of_work": "Розробка UI/UX дизайну для музичного Веб-сервісу",
            "scientific_supervisor": 14
        }
    },
    {
        "model": "educational_degrees.educationaldegreequalificationworks",
        "pk": 1,
        "fields": {
            "year": "2020-2021",
            "slug": "2020-2021-bakalavr",
            "degree_name": "Бакалавр",
            "uploaded_at": "2024-05-23T10:53:18.512Z",
            "qualification_work": [
                20,
                21,
                1,
                2,
                22,
                23,
                24,
                25,
                26,
                27,
                28,
                29,
                3,
                4,
                5,
                30,
                6,
                7,
                31,
                8,
                32,
                33,
                9,
                10,
                34,
                11,
                35,
                36,
                37,
                38,
                39,
                12,
                13,
                14,
                40,
                41,
                15,
                16,
                17,
                42,
                18,
                19
            ]
        }
    },
    {
        "model": "educational_degrees.educationaldegreequalificationworks",
        "pk": 2,
        "fields": {
            "year": "2019-2020",
            "slug": "2019-2020-bakalavr",
            "degree_name": "Бакалавр",
            "uploaded_at": "2024-05-23T12:20:47.559Z",
            "qualification_work": [
                64,
                43,
                44,
                45,
                46,
                47,
                65,
                48,
                49,
                66,
                50,
                67,
                51,
                52,
                53,
                54,
                68,
                55,
                56,
                69,
                70,
                71,
                57,
                58,
                72,
                73,
                74,
                59,
                75,
                76,
                77,
                78,
                60,
                79,
                80,
                61,
                81,
                62,
                63
            ]
        }
    },
    {
        "model": "educational_degrees.educationaldegreequalificationworks",
        "pk": 3,
        "fields": {
            "year": "2018-2019",
            "slug": "2018-2019-bakalavr",
            "degree_name": "Бакалавр",
            "uploaded_at": "2024-05-23T13:05:39.079Z",
            "qualification_work": [
                82,
                83,
                84,
                85,
                86,
                87,
                88,
                89,
                90,
                91,
                92,
                93,
                94,
                95,
                96,
                97,
                98,
                99,
                100,
                101,
                102,
                103,
                104,
                105,
                106,
                107,
                108,
                109
            ]
        }
    },
    {
        "model": "educational_degrees.educationaldegreequalificationworks",
        "pk": 4,
        "fields": {
            "year": "2017-2018",
            "slug": "2017-2018-bakalavr",
            "degree_name": "Бакалавр",
            "uploaded_at": "2024-05-23T13:52:12.550Z",
            "qualification_work": [
                110,
                111,
                112,
                113,
                114,
                115,
                116,
                117,
                118,
                119,
                120,
                121,
                122,
                123,
                124,
                125,
                126,
                127,
                128,
                129,
                130,
                131,
                132,
                133,
                134,
                135
            ]
        }
    },
    {
        "model": "educational_degrees.educationaldegreequalificationworks",
        "pk": 5,
        "fields": {
            "year": "2016-2017",
            "slug": "2016-2017-bakalavr",
            "degree_name": "Бакалавр",
            "uploaded_at": "2024-05-23T13:56:54.268Z",
            "qualification_work": [
                136,
                137,
                138,
                139,
                140,
                141,
                142,
                170,
                143,
                145,
                146,
                147,
                148,
                149,
                150,
                151,
                152,
                153,
                154,
                155,
                156,
                157,
                158,
                159,
                160,
                161,
                162,
                163,
                164,
                165,
                166,
                169,
                167,
                168
            ]
        }
    },
    {
        "model": "educational_degrees.educationaldegreequalificationworks",
        "pk": 6,
        "fields": {
            "year": "2015-2016",
            "slug": "2015-2016-bakalavr",
            "degree_name": "Бакалавр",
            "uploaded_at": "2024-05-23T14:12:37.877Z",
            "qualification_work": [
                171,
                172,
                173,
                174,
                175,
                176,
                177,
                178,
                179,
                180,
                181,
                182,
                183,
                184,
                185,
                186,
                187,
                188,
                189,
                190,
                191,
                192,
                193,
                194,
                195,
                196,
                197,
                198,
                199,
                200,
                201,
                202,
                203,
                204,
                205,
                206,
                207
            ]
        }
    },
    {
        "model": "educational_degrees.educationaldegreequalificationworks",
        "pk": 7,
        "fields": {
            "year": "2020-2021",
            "slug": "2020-2021-magistr",
            "degree_name": "Магістр",
            "uploaded_at": "2024-05-28T15:18:52.411Z",
            "qualification_work": [
                208,
                209,
                210,
                211,
                212,
                213,
                214
            ]
        }
    },
    {
        "model": "educational_degrees.educationaldegreequalificationworks",
        "pk": 8,
        "fields": {
            "year": "2019-2020",
            "slug": "2019-2020-magistr",
            "degree_name": "Магістр",
            "uploaded_at": "2024-05-28T15:20:06.209Z",
            "qualification_work": [
                208,
                209,
                210,
                211,
                212,
                213,
                214
            ]
        }
    },
    {
        "model": "educational_degrees.educationaldegreequalificationworks",
        "pk": 10,
        "fields": {
            "year": "2018-2019",
            "slug": "2018-2019-magistr",
            "degree_name": "Магістр",
            "uploaded_at": "2024-05-28T15:38:38.955Z",
            "qualification_work": [
                215,
                216,
                245,
                217,
                246,
                218,
                219,
                247,
                220,
                248,
                221,
                222,
                223,
                224,
                225,
                226,
                227,
                228,
                229
            ]
        }
    },
    {
        "model": "educational_degrees.educationaldegreequalificationworks",
        "pk": 11,
        "fields": {
            "year": "2017-2018",
            "slug": "2017-2018-magistr",
            "degree_name": "Магістр",
            "uploaded_at": "2024-05-28T15:49:41.303Z",
            "qualification_work": [
                230,
                231,
                232,
                233,
                234,
                235,
                236,
                237,
                238,
                239,
                240,
                241,
                242,
                243,
                244
            ]
        }
    },
    {
        "model": "educational_degrees.educationaldegreequalificationworks",
        "pk": 12,
        "fields": {
            "year": "2016-2017",
            "slug": "2016-2017-magistr",
            "degree_name": "Магістр",
            "uploaded_at": "2024-05-28T16:30:57.216Z",
            "qualification_work": [
                249,
                250,
                251,
                252,
                253,
                254,
                255,
                256,
                257,
                258,
                259,
                260,
                261,
                262,
                263,
                264,
                265
            ]
        }
    },
    {
        "model": "educational_degrees.educationaldegreequalificationworks",
        "pk": 13,
        "fields": {
            "year": "2015-2016",
            "slug": "2015-2016-magistr",
            "degree_name": "Магістр",
            "uploaded_at": "2024-05-28T16:48:57.893Z",
            "qualification_work": [
                266,
                267,
                268,
                269,
                270,
                271,
                272,
                273,
                274,
                275,
                276,
                277,
                278,
                279,
                280,
                281,
                282,
                283,
                284,
                285
            ]
        }
    },
    {
        "model": "educational_degrees.educationaldegree",
        "pk": 1,
        "fields": {
            "name": "Бакалавр",
            "description": "Кафедра інтелектуальних програмних систем здійснює підготовку бакалаврів у галузі 12 Інформаційні технології за спеціальністю 121 Інженерія програмного забезпечення, освітня програма Програмна інженерія.",
            "slug": "bakalavr",
            "detailed_info": [
                5,
                6
            ],
            "study_plans": [
                5,
                6
            ],
            "disciplines_programs": [
                1,
                2
            ],
            "qualification_works": [
                1,
                2,
                3,
                4,
                5,
                6
            ]
        }
    },
    {
        "model": "educational_degrees.educationaldegree",
        "pk": 2,
        "fields": {
            "name": "Магістр",
            "description": "Кафедра інтелектуальних програмних систем здійснює підготовку магістрів у галузі 12 Інформаційні технології за спеціальністю 121 Інженерія програмного забезпечення, освітня програма Програмне забезпечення систем.",
            "slug": "magistr",
            "detailed_info": [
                8,
                7
            ],
            "study_plans": [
                8,
                7
            ],
            "disciplines_programs": [
                3,
                4
            ],
            "qualification_works": [
                8,
                7,
                10,
                11,
                12,
                13
            ]
        }
    },
    {
        "model": "educational_degrees.educationaldegree",
        "pk": 3,
        "fields": {
            "name": "Доктор філософії",
            "description": "Кафедра інтелектуальних програмних систем здійснює підготовку докторів філософії у галузі 12 Інформаційні технології за спеціальностями 121 Інженерія програмного забезпечення та 122 Комп'ютерні науки.",
            "slug": "doktor-filosofiyi",
            "detailed_info": [],
            "study_plans": [],
            "disciplines_programs": [],
            "qualification_works": []
        }
    }
]